MUNICIPIO,COLONIA,indice,indice_texto
AZCAPOTZALCO,AGUILERA,0.84140817778,Medio
AZCAPOTZALCO,ALDANA,0.84508557273,Medio
AZCAPOTZALCO,PETROLERA (AMPL),0.90798433333,Alto
AZCAPOTZALCO,ANGEL ZIMBRON,0.90185636667,Alto
AZCAPOTZALCO,ARENAL,0.84665111714,Medio
AZCAPOTZALCO,CENTRO DE AZCAPOTZALCO,0.89250407407,Alto
AZCAPOTZALCO,CLAVERIA,0.93625147021, Muy Alto
AZCAPOTZALCO,COLTONGO,0.824799452,Bajo
AZCAPOTZALCO,COSMOPOLITA,0.86241934167,Medio
AZCAPOTZALCO,COSMOPOLITA (AMPL),0.84540489375,Medio
AZCAPOTZALCO,CRUZ ROJA TEPANTONGO (U HAB),0.80571607333,Bajo
AZCAPOTZALCO,CUITL├üHUAC 1 Y 2 (U HAB),0.9261713225,Alto
AZCAPOTZALCO,CUITL├üHUAC 3 Y 4 (U HAB),0.94244832785, Muy Alto
AZCAPOTZALCO,DEL GAS,0.87718997358,Medio
AZCAPOTZALCO,DEL GAS (AMPL),0.92281731667,Alto
AZCAPOTZALCO,DEL MAESTRO,0.89185238,Alto
AZCAPOTZALCO,DEL RECREO,0.91967951111,Alto
AZCAPOTZALCO,DEMET (U HAB),0.90162581667,Alto
AZCAPOTZALCO,ECOLOGICA NOVEDADES IMPACTO (U HAB),0.93584084167, Muy Alto
AZCAPOTZALCO,EL JAGUEY-ESTACION PANTACO,0.82238581111,Bajo
AZCAPOTZALCO,EL ROSARIO A (U HAB),0.89116723415,Alto
AZCAPOTZALCO,EL ROSARIO B (U HAB),0.89435645875,Alto
AZCAPOTZALCO,EL ROSARIO C (U HAB),0.90350969537,Alto
AZCAPOTZALCO,EUZKADI,0.87439164,Medio
AZCAPOTZALCO,EX-HACIENDA EL ROSARIO,0.94997206207, Muy Alto
AZCAPOTZALCO,FERRERIA,0.9562400119, Muy Alto
AZCAPOTZALCO,FERRERIA (U HAB),0.930700356,Alto
AZCAPOTZALCO,FRANCISCO VILLA (U HAB),0.92370698333,Alto
AZCAPOTZALCO,FUENTES DE AZCAPOTZALCO-PARQUES DE AZCAPOTZALCO (U HAB),0.94966438571, Muy Alto
AZCAPOTZALCO,HOGAR Y SEGURIDAD/NUEVA SANTA MARIA,0.932212105,Alto
AZCAPOTZALCO,HOGARES FERROCARRILEROS (U HAB),0.94261591111, Muy Alto
AZCAPOTZALCO,HUAUTLA DE LAS SALINAS (BARR),0.787164,Bajo
AZCAPOTZALCO,IGNACIO ALLENDE,0.87275031,Medio
AZCAPOTZALCO,INDUSTRIAL VALLEJO (U HAB),0.77578791429,Muy Bajo
AZCAPOTZALCO,ISSFAM LAS ARMAS (U HAB),0.9594702975, Muy Alto
AZCAPOTZALCO,JARDIN AZPEITIA,0.879421075,Medio
AZCAPOTZALCO,JARDINES CEYLAN (U HAB),0.8912429,Alto
AZCAPOTZALCO,LA PRECIOSA,0.87752660476,Medio
AZCAPOTZALCO,LA RAZA,0.85049015926,Medio
AZCAPOTZALCO,LAS SALINAS,0.80017657778,Bajo
AZCAPOTZALCO,LIBERACION,0.84180104783,Medio
AZCAPOTZALCO,LIBERTAD,0.93325817778, Muy Alto
AZCAPOTZALCO,LOS REYES (BARR),0.90154881579,Alto
AZCAPOTZALCO,MANUEL RIVERA ANAYA CROC I (U HAB),0.92826834074,Alto
AZCAPOTZALCO,MIGUEL HIDALGO (U HAB),0.91189265517,Alto
AZCAPOTZALCO,MONTE ALTO,0.8735346,Medio
AZCAPOTZALCO,NEXTENGO (BARR),0.89276097273,Alto
AZCAPOTZALCO,NUEVA EL ROSARIO,0.8905836,Alto
AZCAPOTZALCO,NUEVA ESPA├æA,0.83400366667,Medio
AZCAPOTZALCO,NUEVA SANTA MARIA,0.93182608119,Alto
AZCAPOTZALCO,NUEVO SAN RAFAEL (BARR),0.84709179444,Medio
AZCAPOTZALCO,OBRERO POPULAR,0.88156726191,Medio
AZCAPOTZALCO,PANTACO (U HAB),0.91813491539,Alto
AZCAPOTZALCO,PASTEROS,0.87149434054,Medio
AZCAPOTZALCO,PATRIMONIO FAMILIAR,0.8597630125,Medio
AZCAPOTZALCO,PEMEX PRADOS DEL ROSARIO (U HAB),0.95486040961, Muy Alto
AZCAPOTZALCO,PETROLERA,0.93571496956, Muy Alto
AZCAPOTZALCO,PLENITUD,0.85726925161,Medio
AZCAPOTZALCO,PORVENIR,0.86301388333,Medio
AZCAPOTZALCO,POTRERO DEL LLANO,0.86632136429,Medio
AZCAPOTZALCO,PRADOS DEL ROSARIO,0.94456625882, Muy Alto
AZCAPOTZALCO,PRESIDENTE MADERO (U HAB),0.92696860333,Alto
AZCAPOTZALCO,PROVIDENCIA,0.84279770313,Medio
AZCAPOTZALCO,REYNOSA TAMAULIPAS,0.84811668,Medio
AZCAPOTZALCO,ROSENDO SALAZAR (CONJ HAB),0.94796205333, Muy Alto
AZCAPOTZALCO,SAN  MIGUEL AMANTLA (PBLO),0.85096425556,Medio
AZCAPOTZALCO,SAN ALVARO,0.89176945313,Alto
AZCAPOTZALCO,SAN ANDRES (BARR),0.86753269546,Medio
AZCAPOTZALCO,SAN ANDRES (PBLO),0.86062004516,Medio
AZCAPOTZALCO,SAN ANDRES DE LAS SALINAS (PBLO),0.826676575,Bajo
AZCAPOTZALCO,SAN ANTONIO (FRACC),0.9390758625, Muy Alto
AZCAPOTZALCO,SAN BARTOLO CAHUALTONGO (PBLO),0.89944622353,Alto
AZCAPOTZALCO,SAN BERNABE (BARR),0.87860902857,Medio
AZCAPOTZALCO,SAN FRANCISCO TETECALA (PBLO),0.88043117826,Medio
AZCAPOTZALCO,SAN FRANCISCO XOCOTITLA,0.820122825,Bajo
AZCAPOTZALCO,SAN JUAN TLIHUACA (PBLO),0.89131164154,Alto
AZCAPOTZALCO,SAN MARCOS (BARR),0.85737325185,Medio
AZCAPOTZALCO,SAN MARTIN XOCHINAHUAC (PBLO),0.88316746207,Alto
AZCAPOTZALCO,SAN MATEO,0.883187775,Alto
AZCAPOTZALCO,SAN PABLO 396-CONJ HAB SAN PABLO (U HAB),0.86480135714,Medio
AZCAPOTZALCO,SAN PABLO XALPA (U HAB),0.8989332913,Alto
AZCAPOTZALCO,SAN PEDRO XALPA (PBLO),0.92725431228,Alto
AZCAPOTZALCO,SAN RAFAEL,0.90674234444,Alto
AZCAPOTZALCO,SAN SALVADOR XOCHIMANCA,0.86048746667,Medio
AZCAPOTZALCO,SAN SEBASTIAN,0.84316194,Medio
AZCAPOTZALCO,SANTA APOLONIA (BARR),0.84703812222,Medio
AZCAPOTZALCO,SANTA BARBARA (PBLO),0.81361589474,Bajo
AZCAPOTZALCO,SANTA CATARINA (PBLO),0.8545383,Medio
AZCAPOTZALCO,SANTA CRUZ ACAYUCAN (PBLO),0.87856888889,Medio
AZCAPOTZALCO,SANTA CRUZ DE LAS SALINAS,0.76634265,Muy Bajo
AZCAPOTZALCO,SANTA INES,0.8144993,Bajo
AZCAPOTZALCO,SANTA LUCIA (BARR),0.8781288,Medio
AZCAPOTZALCO,SANTA MARIA MALINALCO (PBLO),0.88517613125,Alto
AZCAPOTZALCO,SANTIAGO AHUIZOTLA (PBLO),0.83670982419,Medio
AZCAPOTZALCO,SANTO DOMINGO (PBLO),0.88949329412,Alto
AZCAPOTZALCO,SANTO TOMAS,0.8829726,Alto
AZCAPOTZALCO,SECTOR NAVAL,0.91317096667,Alto
AZCAPOTZALCO,SINDICATO MEXICANO DE ELECTRICISTAS,0.93687080417, Muy Alto
AZCAPOTZALCO,TEZOZOMOC,0.8841625129,Alto
AZCAPOTZALCO,TIERRA NUEVA,0.83743082609,Medio
AZCAPOTZALCO,TLATILCO,0.87912616765,Medio
AZCAPOTZALCO,TLATILCO (U HAB),0.88158823913,Medio
AZCAPOTZALCO,TRABAJADORES DEL HIERRO,0.90191341765,Alto
AZCAPOTZALCO,UN HOGAR PARA CADA TRABAJADOR,0.89085833333,Alto
AZCAPOTZALCO,VICTORIA DE LAS DEMOCRACIAS,0.8709261,Medio
AZCAPOTZALCO,VILLAS AZCAPOTZALCO (U HAB),0.9411123, Muy Alto
AZCAPOTZALCO,XOCHINAHUAC (U HAB),0.92199320145,Alto
AZCAPOTZALCO,SAN PEDRO XALPA (AMPL) I,0.81529645833,Bajo
AZCAPOTZALCO,SAN PEDRO XALPA (AMPL) II,0.79370818158,Bajo
AZCAPOTZALCO,PRO HOGAR I,0.87548303235,Medio
AZCAPOTZALCO,PRO HOGAR II,0.85476940541,Medio
COYOACAN,AJUSCO HUAYAMILPAS,0.81837328667,Bajo
COYOACAN,ALTILLO (COND ALTILLO UNIVERSIDAD),0.9594630931, Muy Alto
COYOACAN,AMPLIACION CANDELARIA,0.86525342857,Medio
COYOACAN,ATLANTIDA,0.86924168461,Medio
COYOACAN,AVANTE,0.93735926216, Muy Alto
COYOACAN,BOSQUES DE TETLAMEYA,0.92254288,Alto
COYOACAN,CAFETALES I (RDCIAL),0.94533053333, Muy Alto
COYOACAN,CAFETALES II (RDCIAL),0.95653532857, Muy Alto
COYOACAN,CAMPESTRE CHURUBUSCO,0.94014015248, Muy Alto
COYOACAN,CAMPESTRE COYOACAN (FRACC),0.93658835, Muy Alto
COYOACAN,CANAL NACIONAL (U HAB),0.85573766842,Medio
COYOACAN,CANAL NACIONAL 260 (U HAB),0.86812066552,Medio
COYOACAN,CANTIL DEL PEDREGAL,0.932519525,Alto
COYOACAN,CARMEN SERDAN,0.77740987536,Muy Bajo
COYOACAN,CENTRO URBANO TLALPAN (U HAB),0.92054757778,Alto
COYOACAN,CHIMALISTAC,0.9647507, Muy Alto
COYOACAN,CIUDAD JARDIN,0.94024295278, Muy Alto
COYOACAN,CIUDAD UNIVERSITARIA,0.862828,Medio
COYOACAN,COPILCO EL ALTO,0.84906274737,Medio
COYOACAN,COPILCO EL BAJO,0.94009389706, Muy Alto
COYOACAN,COPILCO UNIVERSIDAD,0.94817853, Muy Alto
COYOACAN,COUNTRY CLUB,0.94259233, Muy Alto
COYOACAN,CROC CULHUACAN SECC 6 (U HAB),0.90881361539,Alto
COYOACAN,CTM IX CULHUACAN ZONA 29-30 (U HAB),0.92077997647,Alto
COYOACAN,CTM IXA CULHUACAN (U HAB),0.91475504,Alto
COYOACAN,CTM V CULHUACAN (U HAB),0.8999793194,Alto
COYOACAN,CTM VI CULHUACAN (U HAB),0.91876211908,Alto
COYOACAN,CTM VII CULHUACAN (U HAB),0.91471483768,Alto
COYOACAN,CTM VIIA CULHUACAN (U HAB),0.90908882143,Alto
COYOACAN,CTM VIII CULHUACAN (U HAB),0.90852944253,Alto
COYOACAN,CTM X CULHUACAN (U HAB),0.89925731915,Alto
COYOACAN,CUADRANTE DE SAN FRANCISCO,0.92628482857,Alto
COYOACAN,DE LA CANDELARIA (PBLO),0.8794288,Medio
COYOACAN,DEL CARMEN,0.9403674475, Muy Alto
COYOACAN,DEL NI├æO JESUS (BARR),0.93376146667, Muy Alto
COYOACAN,EDUCACION,0.94775000462, Muy Alto
COYOACAN,EX EJIDO SAN FRANCISCO CULHUACAN I,0.92112493333,Alto
COYOACAN,EL CARACOL,0.85711469545,Medio
COYOACAN,EL CENTINELA,0.95287139565, Muy Alto
COYOACAN,EL MIRADOR,0.96099681364, Muy Alto
COYOACAN,EL PARQUE DE COYOACAN (FRACC),0.9527208625, Muy Alto
COYOACAN,EL RELOJ,0.92819062979,Alto
COYOACAN,EL ROSEDAL I,0.93617589412, Muy Alto
COYOACAN,EL VERGEL DE COYOACAN ( INFONAVIT EL HUESO) (U HAB),0.93484505, Muy Alto
COYOACAN,EMILIANO ZAPATA,0.8566407,Medio
COYOACAN,EMILIANO ZAPATA (U HAB),0.828569246,Bajo
COYOACAN,ESPARTACO,0.93619539565, Muy Alto
COYOACAN,EX HACIENDA COAPA,0.93104536154,Alto
COYOACAN,HACIENDAS DE COYOACAN (FRACC),0.94568904, Muy Alto
COYOACAN,HERMOSILLO,0.914981875,Alto
COYOACAN,IMAN,0.93066325,Alto
COYOACAN,IMAN 580 (U HAB),0.94406088621, Muy Alto
COYOACAN,INFONAVIT CULHUACAN ZONA 1 (U HAB),0.91506405,Alto
COYOACAN,INFONAVIT CULHUACAN ZONA 2 (U HAB),0.90492180588,Alto
COYOACAN,INFONAVIT CULHUACAN ZONA 3 (U HAB),0.922012975,Alto
COYOACAN,INSURGENTES CUICUILCO,0.9685228, Muy Alto
COYOACAN,INTEGRACION LATINOAMERICANA (U HAB),0.95766855926, Muy Alto
COYOACAN,JARDINES DE COYOACAN (FRACC),0.96096290526, Muy Alto
COYOACAN,JARDINES DEL PEDREGAL,0.96595030667, Muy Alto
COYOACAN,JOYAS DEL PEDREGAL (FRACC),0.9511698, Muy Alto
COYOACAN,LA CANTERA (U HAB),0.9396454619, Muy Alto
COYOACAN,LA CONCEPCION (BARR),0.95858768333, Muy Alto
COYOACAN,LA MAGDALENA CULHUACAN (BARR),0.87245984545,Medio
COYOACAN,LA VIRGEN 1170 (U HAB),0.84612959655,Medio
COYOACAN,LAS CABA├æAS,0.7322071,Muy Bajo
COYOACAN,LAS CAMPANAS,0.96456851111, Muy Alto
COYOACAN,LAS TROJES COAPA (U HAB),0.866877016,Medio
COYOACAN,LOS CEDROS (FRACC),0.96484936667, Muy Alto
COYOACAN,LOS CIPRESES,0.95559753, Muy Alto
COYOACAN,LOS GIRASOLES I,0.9468305, Muy Alto
COYOACAN,LOS GIRASOLES II,0.95409282727, Muy Alto
COYOACAN,LOS GIRASOLES III,0.94623129565, Muy Alto
COYOACAN,LOS OLIVOS (FRACC),0.93620426, Muy Alto
COYOACAN,LOS OLIVOS (U HAB),0.9607524125, Muy Alto
COYOACAN,LOS REYES (PBLO),0.93314869818, Muy Alto
COYOACAN,LOS ROBLES (FRACC),0.96581869524, Muy Alto
COYOACAN,LOS SAUCES (FRACC),0.94758854546, Muy Alto
COYOACAN,MEDIA LUNA,0.908842625,Alto
COYOACAN,NUEVA DIAZ ORDAZ,0.79102627857,Bajo
COYOACAN,OLIMPICA,0.96529258571, Muy Alto
COYOACAN,OXTOPULCO UNIVERSIDAD,0.95164158333, Muy Alto
COYOACAN,PARQUE SAN ANDRES,0.93976985676, Muy Alto
COYOACAN,PEDREGAL DE LA ZORRA,0.85672408889,Medio
COYOACAN,PEDREGAL DE SAN ANGEL (AMPL),0.97161389286, Muy Alto
COYOACAN,PEDREGAL DE SAN FRANCISCO (FRACC),0.95153906, Muy Alto
COYOACAN,PEDREGAL DEL MAUREL,0.94673646809, Muy Alto
COYOACAN,PETROLERA TAXQUE├æA,0.94597340833, Muy Alto
COYOACAN,PILOTO CULHUACAN (U HAB),0.889993875,Alto
COYOACAN,PRADO CHURUBUSCO,0.94113376323, Muy Alto
COYOACAN,PRADOS DE COYOACAN,0.95498718696, Muy Alto
COYOACAN,PRESIDENTES EJIDALES PRIMERA SECCION,0.9409336625, Muy Alto
COYOACAN,RANCHO EL ROSARIO,0.9500828, Muy Alto
COYOACAN,ROMERO DE TERREROS,0.94371671818, Muy Alto
COYOACAN,ROMERO DE TERREROS (FRACC),0.96534525556, Muy Alto
COYOACAN,SAN DIEGO CHURUBUSCO,0.8817438,Medio
COYOACAN,SAN FRANCISCO CULHUACAN (PBLO),0.83565417959,Medio
COYOACAN,AMPLIACION SAN FRANCISCO CULHUACAN (EJ),0.89700768857,Alto
COYOACAN,SAN LUCAS (BARR),0.92283773158,Alto
COYOACAN,SAN MATEO (BARR),0.9041934,Alto
COYOACAN,SAN PABLO TEPETLAPA (PBLO),0.881609025,Medio
COYOACAN,SANTA CATARINA (BARR),0.94847620278, Muy Alto
COYOACAN,SANTA CECILIA,0.95498125185, Muy Alto
COYOACAN,SANTA MARTHA DEL SUR,0.77779147917,Muy Bajo
COYOACAN,SANTA URSULA COAPA (PBLO),0.89523551017,Alto
COYOACAN,SANTA URSULA COYOACAN,0.96028319677, Muy Alto
COYOACAN,STUNAM CULHUACAN (U HAB),0.94337565962, Muy Alto
COYOACAN,VIEJO EJIDO SANTA URSULA COAPA,0.866877016,Medio
COYOACAN,VILLA COYOACAN,0.93039129643,Alto
COYOACAN,VILLA PANAMERICANA 1ERA. SECCI├ôN (U HAB),0.92734797317,Alto
COYOACAN,VILLA PANAMERICANA 2DA. SECCI├ôN (U HAB),0.92140750323,Alto
COYOACAN,VILLA PANAMERICANA 3ERA. SECCI├ôN (U HAB),0.91519188205,Alto
COYOACAN,VILLA PANAMERICANA 4TA. SECCI├ôN (U HAB),0.94447849394, Muy Alto
COYOACAN,VILLA PANAMERICANA 5TA. SECCI├ôN (U HAB),0.94748287556, Muy Alto
COYOACAN,VILLA PANAMERICANA 6TA. SECCI├ôN (U HAB),0.95417095, Muy Alto
COYOACAN,VILLA PANAMERICANA 7MA. SECCI├ôN (U HAB),0.93837707879, Muy Alto
COYOACAN,VILLA QUIETUD (FRACC),0.95799489167, Muy Alto
COYOACAN,VILLAS DEL PEDREGAL (U HAB),0.96016452, Muy Alto
COYOACAN,VISTAS DEL MAUREL (U HAB),0.93565516471, Muy Alto
COYOACAN,XOTEPINGO,0.94912883846, Muy Alto
COYOACAN,ADOLFO RUIZ CORTINES I,0.84799033714,Medio
COYOACAN,ADOLFO RUIZ CORTINES II,0.82294992222,Bajo
COYOACAN,AJUSCO I,0.82999684222,Bajo
COYOACAN,AJUSCO II,0.81706472069,Bajo
COYOACAN,AJUSCO III,0.84723487586,Medio
COYOACAN,ALIANZA POPULAR REVOLUCIONARIA NORTE (U HAB),0.94337545, Muy Alto
COYOACAN,ALIANZA POPULAR REVOLUCIONARIA PONIENTE (U HAB),0.9490579069, Muy Alto
COYOACAN,PASEOS DE TAXQUE├æA I,0.94054780938, Muy Alto
COYOACAN,PASEOS DE TAXQUE├æA II,0.94898491282, Muy Alto
COYOACAN,PEDREGAL DE SANTA URSULA I,0.83485784091,Medio
COYOACAN,PEDREGAL DE SANTA URSULA II,0.83267301111,Medio
COYOACAN,PEDREGAL DE SANTA URSULA III,0.81331815897,Bajo
COYOACAN,PEDREGAL DE SANTA URSULA IV,0.82435631667,Bajo
COYOACAN,PEDREGAL DE STO DOMINGO I,0.83191831034,Bajo
COYOACAN,PEDREGAL DE STO DOMINGO II,0.85494658511,Medio
COYOACAN,PEDREGAL DE STO DOMINGO III,0.826277268,Bajo
COYOACAN,PEDREGAL DE STO DOMINGO IV,0.7892042,Bajo
COYOACAN,PEDREGAL DE STO DOMINGO V,0.77495572414,Muy Bajo
COYOACAN,PEDREGAL DE STO DOMINGO VI,0.79084336486,Bajo
COYOACAN,PEDREGAL DE STO DOMINGO VII,0.76074923929,Muy Bajo
COYOACAN,PEDREGAL DE STO DOMINGO VIII,0.794993425,Bajo
COYOACAN,PEDREGAL DE STO DOMINGO IX,0.79803071111,Bajo
COYOACAN,ALIANZA POPULAR REVOLUCIONARIA ORIENTE (U HAB),0.95247879849, Muy Alto
COYOACAN,EL ROSEDAL II,0.94642137143, Muy Alto
COYOACAN,EX EJIDO DE CHURUBUSCO,0.90042946667,Alto
COYOACAN,MONTE DE PIEDAD,0.93997811818, Muy Alto
COYOACAN,PRESIDENTES EJIDALES SEGUNDA SECCION,0.92104875,Alto
COYOACAN,TAXQUE├æA,0.95589345, Muy Alto
COYOACAN,ALTILLO (COND ALTILLO ACASULCO),0.96486005, Muy Alto
COYOACAN,CENTRO URBANO (U HAB),0.93232043684,Alto
COYOACAN,CTM IX CULHUACAN ZONA 32-33 (U HAB),0.89345448,Alto
COYOACAN,EX EJIDO SAN FRANCISCO CULHUACAN II,0.92157722105,Alto
COYOACAN,EX EJIDO SAN FRANCISCO CULHUACAN III,0.91525048667,Alto
COYOACAN,ROMERO DE TERREROS (COND),0.94718950667, Muy Alto
,,,
,,,
,,,
,,,
,,,
,,,
,,,
,,,
,,,
,,,
,,,
CUAJIMALPA DE MORELOS,ABDIAS GARCIA SOTO,0.86733576667,Medio
CUAJIMALPA DE MORELOS,ADOLFO LOPEZ MATEOS,0.90922005,Alto
CUAJIMALPA DE MORELOS,AGUA BENDITA,0.75837724545,Muy Bajo
CUAJIMALPA DE MORELOS,AHUATENCO,0.7283618,Muy Bajo
CUAJIMALPA DE MORELOS,AMADO NERVO,0.7997401,Bajo
CUAJIMALPA DE MORELOS,BOSQUES DE LAS LOMAS,0.91239280465,Alto
CUAJIMALPA DE MORELOS,COLA DE PATO,0.76221771539,Muy Bajo
CUAJIMALPA DE MORELOS,CRUZ BLANCA,0.79535726667,Bajo
CUAJIMALPA DE MORELOS,CORREDOR SANTA FE,0.96492692037, Muy Alto
CUAJIMALPA DE MORELOS,EBANO (U HAB),0.79318622308,Bajo
CUAJIMALPA DE MORELOS,EL CONTADERO,0.869348164,Medio
CUAJIMALPA DE MORELOS,EL MOLINITO,0.8754632,Medio
CUAJIMALPA DE MORELOS,EL MOLINO,0.906251125,Alto
CUAJIMALPA DE MORELOS,EL TIANGUILLO,0.8503168,Medio
CUAJIMALPA DE MORELOS,EL YAQUI,0.94430897273, Muy Alto
CUAJIMALPA DE MORELOS,JARDINES DE LA PALMA (HUIZACHITO),0.89611879048,Alto
CUAJIMALPA DE MORELOS,JESUS DEL MONTE,0.92816723,Alto
CUAJIMALPA DE MORELOS,LA PILA,0.78676756842,Bajo
CUAJIMALPA DE MORELOS,LA VENTA,0.800317275,Bajo
CUAJIMALPA DE MORELOS,LAS LAJAS,0.7869631,Bajo
CUAJIMALPA DE MORELOS,TEXCALCO,0.7590365,Muy Bajo
CUAJIMALPA DE MORELOS,LAS TINAJAS,0.81553325556,Bajo
CUAJIMALPA DE MORELOS,LOMA DEL PADRE,0.78801465833,Bajo
CUAJIMALPA DE MORELOS,LOMAS DE MEMETLA,0.86683817857,Medio
CUAJIMALPA DE MORELOS,LOMAS DE VISTA HERMOSA,0.889750965,Alto
CUAJIMALPA DE MORELOS,LOMAS DEL CHAMIZAL,0.87810212973,Medio
CUAJIMALPA DE MORELOS,MANZANASTITLA,0.91319211035,Alto
CUAJIMALPA DE MORELOS,MEMETLA,0.84104593333,Medio
CUAJIMALPA DE MORELOS,NAVIDAD (GRANJAS DE NAVIDAD),0.82326876939,Bajo
CUAJIMALPA DE MORELOS,PALO ALTO (GRANJAS),0.77085572609,Muy Bajo
CUAJIMALPA DE MORELOS,LA RETAMA,0.82326876939,Bajo
CUAJIMALPA DE MORELOS,SAN LORENZO ACOPILCO (PBLO),0.81878552258,Bajo
CUAJIMALPA DE MORELOS,SAN MATEO TLALTENANGO (PBLO),0.79670643085,Bajo
CUAJIMALPA DE MORELOS,SAN PABLO CHIMALPA (PBLO),0.77831074565,Bajo
CUAJIMALPA DE MORELOS,TEPETONGO,0.88875841212,Alto
CUAJIMALPA DE MORELOS,XALPA,0.80682607059,Bajo
CUAJIMALPA DE MORELOS,ZENTLAPATL,0.80024013571,Bajo
CUAJIMALPA DE MORELOS,1o DE MAYO,0.74232983333,Muy Bajo
CUAJIMALPA DE MORELOS,PORTAL DEL SOL,0.92396888478,Alto
CUAJIMALPA DE MORELOS,SAN PEDRO CUAJIMALPA (PBLO),0.85305235965,Medio
CUAJIMALPA DE MORELOS,SAN JOSE DE LOS CEDROS I,0.82315461429,Bajo
CUAJIMALPA DE MORELOS,SAN JOSE DE LOS CEDROS II,0.88699817692,Alto
,,,
GUSTAVO A. MADERO,ACUEDUCTO DE GUADALUPE (RDCIAL),0.94708272368, Muy Alto
GUSTAVO A. MADERO,ACUEDUCTO DE GUADALUPE (U HAB),0.93618167101, Muy Alto
GUSTAVO A. MADERO,AHUEHUETES,0.76314938,Muy Bajo
GUSTAVO A. MADERO,AIDEE SOL├ìS C├üRDENAS-MAT├ìAS ROMERO (U HAB),0.89128700286,Alto
GUSTAVO A. MADERO,ARAGON INGUARAN,0.89160790833,Alto
GUSTAVO A. MADERO,ARAGON LA VILLA (ARAGON),0.86686743684,Medio
GUSTAVO A. MADERO,ARBOLEDAS DE CUAUTEPEC,0.79876731765,Bajo
GUSTAVO A. MADERO,ARBOLEDAS DE CUAUTEPEC (AMPL),0.77529673571,Muy Bajo
GUSTAVO A. MADERO,ARROYO GUADALUPE (U HAB),0.9461065619, Muy Alto
GUSTAVO A. MADERO,BELISARIO DOMINGUEZ,0.822625825,Bajo
GUSTAVO A. MADERO,BENITO JUAREZ,0.81675151111,Bajo
GUSTAVO A. MADERO,BENITO JUAREZ (AMPL),0.78103176129,Bajo
GUSTAVO A. MADERO,BONDOJITO,0.867383976,Medio
GUSTAVO A. MADERO,C T M ARAGON (U),0.8991649,Alto
GUSTAVO A. MADERO,C T M ARAGON AMPLIACION (U),0.87314614667,Medio
GUSTAVO A. MADERO,CAMINO A SAN JUAN DE ARAGON (PBLO),0.85014298947,Medio
GUSTAVO A. MADERO,CAPULTITLAN,0.8006968,Bajo
GUSTAVO A. MADERO,CASTILLO CHICO,0.76151133684,Muy Bajo
GUSTAVO A. MADERO,CASTILLO GRANDE,0.79613398636,Bajo
GUSTAVO A. MADERO,CASTILLO GRANDE (AMPL),0.74920683226,Muy Bajo
GUSTAVO A. MADERO,CERRO PRIETO,0.8344599,Medio
GUSTAVO A. MADERO,CHURUBUSCO TEPEYAC,0.94960265, Muy Alto
GUSTAVO A. MADERO,COCOYOTES,0.76479602759,Muy Bajo
GUSTAVO A. MADERO,COCOYOTES (AMPL),0.79299944615,Bajo
GUSTAVO A. MADERO,COMPOSITORES MEXICANOS,0.76655956556,Muy Bajo
GUSTAVO A. MADERO,CONSTITUCION DE LA REPUBLICA,0.83739127717,Medio
GUSTAVO A. MADERO,COOPERATIVA LUIS ENRIQUE RODR├ìGUEZ OROZCO (U HAB),0.89107163261,Alto
GUSTAVO A. MADERO,CTM ATZACOALCO (U HAB),0.91550872424,Alto
GUSTAVO A. MADERO,CTM EL RISCO (U HAB),0.91662395433,Alto
GUSTAVO A. MADERO,CUAUTEPEC DE MADERO,0.8239583925,Bajo
GUSTAVO A. MADERO,CUAUTEPEC EL ALTO (PBLO),0.80891142308,Bajo
GUSTAVO A. MADERO,CUCHILLA DEL TESORO,0.83363221605,Medio
GUSTAVO A. MADERO,CUCHILLA LA JOYA,0.83479956154,Medio
GUSTAVO A. MADERO,DEFENSORES DE LA REPUBLICA,0.8702972875,Medio
GUSTAVO A. MADERO,DEL BOSQUE,0.875857255,Medio
GUSTAVO A. MADERO,DEL OBRERO,0.8322143963,Medio
GUSTAVO A. MADERO,DM NACIONAL,0.91661297143,Alto
GUSTAVO A. MADERO,EDUARDO MOLINA I (U HAB),0.85412671667,Medio
GUSTAVO A. MADERO,EDUARDO MOLINA II (U HAB),0.92073772,Alto
GUSTAVO A. MADERO,EJIDOS SAN JUAN DE ARAGON 1A SECCION (U HAB),0.81969346364,Bajo
GUSTAVO A. MADERO,EJIDOS SAN JUAN DE ARAGON 2A SECCION (U HAB),0.84927533333,Medio
GUSTAVO A. MADERO,EL ARBOLILLO,0.83505276667,Medio
GUSTAVO A. MADERO,EL ARBOLILLO 1 (U HAB),0.90528564844,Alto
GUSTAVO A. MADERO,EL ARBOLILLO 2 (U HAB),0.89107163261,Alto
GUSTAVO A. MADERO,EL ARBOLILLO 3 (U HAB),0.83948105833,Medio
GUSTAVO A. MADERO,EL CARMEN,0.74363046415,Muy Bajo
GUSTAVO A. MADERO,EL COYOL (U HAB),0.92108785714,Alto
GUSTAVO A. MADERO,EL OLIVO,0.84348883077,Medio
GUSTAVO A. MADERO,EMILIANO ZAPATA,0.87939877037,Medio
GUSTAVO A. MADERO,EMILIANO ZAPATA (AMPL),0.87737256667,Medio
GUSTAVO A. MADERO,ESTANZUELA,0.80608661765,Bajo
GUSTAVO A. MADERO,ESTRELLA,0.91307514638,Alto
GUSTAVO A. MADERO,EX-ESCUELA DE TIRO,0.8024404,Bajo
GUSTAVO A. MADERO,FOVISSTE ARAGON (U HAB),0.91794215789,Alto
GUSTAVO A. MADERO,FAJA DE ORO,0.85635688571,Medio
GUSTAVO A. MADERO,FERNANDO CASAS ALEMAN,0.84554361667,Medio
GUSTAVO A. MADERO,FERROCARRILERA INSURGENTES,0.907589225,Alto
GUSTAVO A. MADERO,FOVISSSTE CUCHILLA (U HAB),0.94386188333, Muy Alto
GUSTAVO A. MADERO,FOVISSSTE RIO DE GUADALUPE (U HAB),0.92240728571,Alto
GUSTAVO A. MADERO,GABRIEL HERNANDEZ,0.77534756515,Muy Bajo
GUSTAVO A. MADERO,GENERAL FELIPE BERRIOZABAL,0.80878533462,Bajo
GUSTAVO A. MADERO,GERTRUDIS SANCHEZ 1A SECCION,0.86406149143,Medio
GUSTAVO A. MADERO,GERTRUDIS SANCHEZ 2A SECCION,0.84307801045,Medio
GUSTAVO A. MADERO,GERTRUDIS SANCHEZ 3A SECCION,0.83604001379,Medio
GUSTAVO A. MADERO,GRACIANO SANCHEZ,0.83804563333,Medio
GUSTAVO A. MADERO,GRANJAS MODERNAS-SAN JUAN DE ARAGON (AMPL),0.85341838667,Medio
GUSTAVO A. MADERO,GUADALUPE INSURGENTES,0.92760448571,Alto
GUSTAVO A. MADERO,GUADALUPE PROLETARIA,0.86336252553,Medio
GUSTAVO A. MADERO,GUADALUPE PROLETARIA (AMPL),0.84395251905,Medio
GUSTAVO A. MADERO,GUADALUPE TEPEYAC,0.90702266571,Alto
GUSTAVO A. MADERO,GUADALUPE VICTORIA,0.82159695714,Bajo
GUSTAVO A. MADERO,GUADALUPE VICTORIA II,0.86791374615,Medio
GUSTAVO A. MADERO,HEROE DE NACOZARI,0.85951733684,Medio
GUSTAVO A. MADERO,HEROES DE CHAPULTEPEC,0.86236798333,Medio
GUSTAVO A. MADERO,HORNOS DE ARAGON (U HAB),0.66651073333,Muy Bajo
GUSTAVO A. MADERO,INDECO (U HAB),0.83651875476,Medio
GUSTAVO A. MADERO,INFONAVIT (U HAB),0.92736384,Alto
GUSTAVO A. MADERO,INFONAVIT CAMINO SAN JUAN DE ARAGON (U HAB),0.88010348461,Medio
GUSTAVO A. MADERO,INFONAVIT LORETO FABELA (U HAB),0.81927306667,Bajo
GUSTAVO A. MADERO,JAIME S EMILIANO G,0.82797692,Bajo
GUSTAVO A. MADERO,JORGE NEGRETE,0.85815056667,Medio
GUSTAVO A. MADERO,JOSE MARIA MORELOS Y PAVON I (U HAB),0.881906525,Medio
GUSTAVO A. MADERO,JOSE MARIA MORELOS Y PAVON II (U HAB),0.89727279231,Alto
GUSTAVO A. MADERO,JUAN DE DIOS BATIZ (U HAB),0.96868848182, Muy Alto
GUSTAVO A. MADERO,JUAN GONZALEZ ROMERO,0.80363724151,Bajo
GUSTAVO A. MADERO,JUVENTINO ROSAS,0.80717004286,Bajo
GUSTAVO A. MADERO,LA CANDELARIA TICOMAN (BARR),0.7807395061,Bajo
GUSTAVO A. MADERO,LA CASILDA,0.7732260069,Muy Bajo
GUSTAVO A. MADERO,LA CRUZ (BARR),0.72101513333,Muy Bajo
GUSTAVO A. MADERO,LA ESMERALDA I,0.86653641143,Medio
GUSTAVO A. MADERO,LA ESMERALDA (U HAB),0.93384330435, Muy Alto
GUSTAVO A. MADERO,LA FORESTAL,0.80957903243,Bajo
GUSTAVO A. MADERO,LA FORESTAL 1,0.74651845,Muy Bajo
GUSTAVO A. MADERO,LA FORESTAL 2,0.76601988621,Muy Bajo
GUSTAVO A. MADERO,LA FORESTAL 3,0.73567553913,Muy Bajo
GUSTAVO A. MADERO,LA JOYA,0.84680559143,Medio
GUSTAVO A. MADERO,LA JOYITA,0.86846936667,Medio
GUSTAVO A. MADERO,LA LAGUNA TICOMAN (BARR),0.86267566404,Medio
GUSTAVO A. MADERO,LA MALINCHE,0.81201402258,Bajo
GUSTAVO A. MADERO,LA PASTORA,0.8001056746,Bajo
GUSTAVO A. MADERO,LA PATERA-CONDOMODULOS (U HAB),0.94911721905, Muy Alto
GUSTAVO A. MADERO,LA PRADERA,0.84129707442,Medio
GUSTAVO A. MADERO,LA PRADERA I (U HAB),0.89290658,Alto
GUSTAVO A. MADERO,LA PRADERA II (U HAB),0.90044967778,Alto
GUSTAVO A. MADERO,LA PURISIMA TICOMAN (BARR),0.88839286808,Alto
GUSTAVO A. MADERO,LINDAVISTA VALLEJO (U HAB),0.94308761758, Muy Alto
GUSTAVO A. MADERO,LOMA DE LA PALMA,0.79889369875,Bajo
GUSTAVO A. MADERO,LOMAS DE CUAUTEPEC,0.77213615181,Muy Bajo
GUSTAVO A. MADERO,LOMAS DE SAN JUAN IXHUATEPEC (2A SECCION),0.71244825667,Muy Bajo
GUSTAVO A. MADERO,LOS OLIVOS (U HAB),0.94884004, Muy Alto
GUSTAVO A. MADERO,LUIS DONALDO COLOSIO,0.76273222653,Muy Bajo
GUSTAVO A. MADERO,MAGDALENA DE LAS SALINAS,0.86786772308,Medio
GUSTAVO A. MADERO,MALACATES,0.75019448372,Muy Bajo
GUSTAVO A. MADERO,MALACATES (AMPL),0.7252831537,Muy Bajo
GUSTAVO A. MADERO,MALVINAS MEXICANAS,0.797429425,Bajo
GUSTAVO A. MADERO,MARTIRES DE RIO BLANCO,0.845072248,Medio
GUSTAVO A. MADERO,MARTIRES DE RIO BLANCO (AMPL),0.84537086667,Medio
GUSTAVO A. MADERO,MAXIMINO AVILA CAMACHO,0.82600829091,Bajo
GUSTAVO A. MADERO,NARCISO BASSOLS (U HAB),0.89780558696,Alto
GUSTAVO A. MADERO,NUEVA INDUSTRIAL VALLEJO (FRACC),0.91442616818,Alto
GUSTAVO A. MADERO,NUEVA TENOCHTITLAN,0.82755893659,Bajo
GUSTAVO A. MADERO,NUEVA VALLEJO,0.89311233529,Alto
GUSTAVO A. MADERO,PALMATITLA,0.81058332535,Bajo
GUSTAVO A. MADERO,PANAMERICANA,0.84152519655,Medio
GUSTAVO A. MADERO,PANAMERICANA (AMPL),0.84599485,Medio
GUSTAVO A. MADERO,PARQUE METROPOLITANO,0.76297437429,Muy Bajo
GUSTAVO A. MADERO,PEMEX LINDAVISTA (U HAB),0.9617289875, Muy Alto
GUSTAVO A. MADERO,PLANETARIO LINDAVISTA,0.9629194125, Muy Alto
GUSTAVO A. MADERO,PLAZA ORIENTE (RDCIAL),0.8972693875,Alto
GUSTAVO A. MADERO,PRADOS DE CUAUTEPEC,0.78068659091,Bajo
GUSTAVO A. MADERO,PROGRESO NACIONAL (AMPL),0.86735827368,Medio
GUSTAVO A. MADERO,PROVIDENCIA (AMPL),0.81130333333,Bajo
GUSTAVO A. MADERO,QUETZALCOATL 3,0.7911753,Bajo
GUSTAVO A. MADERO,RESIDENCIAL LA ESCALERA (FRACC),0.94311243793, Muy Alto
GUSTAVO A. MADERO,RESIDENCIAL ZACATENCO,0.916514952,Alto
GUSTAVO A. MADERO,REVOLUCION IMSS (U HAB),0.94241315294, Muy Alto
GUSTAVO A. MADERO,ROSAS DEL TEPEYAC,0.73538888,Muy Bajo
GUSTAVO A. MADERO,SALVADOR DIAZ MIRON,0.84988104462,Medio
GUSTAVO A. MADERO,SAN ANTONIO,0.84267084,Medio
GUSTAVO A. MADERO,SAN BARTOLO ATEPEHUACAN (PBLO),0.90028253333,Alto
GUSTAVO A. MADERO,SAN JOSE DE LA ESCALERA,0.843205016,Medio
GUSTAVO A. MADERO,SAN JOSE TICOMAN,0.88500724615,Alto
GUSTAVO A. MADERO,SAN JUAN DE ARAGON (PBLO),0.84565150469,Medio
GUSTAVO A. MADERO,SAN JUAN DE ARAGON 3A SECCION (U HAB) I,0.87570031304,Medio
GUSTAVO A. MADERO,SAN JUAN DE ARAGON 6A SECCION (U HAB) I,0.92094758718,Alto
GUSTAVO A. MADERO,SAN JUAN III (U HAB),0.90859399091,Alto
GUSTAVO A. MADERO,SAN JUAN Y GUADALUPE TICOMAN (BARR),0.78170662951,Bajo
GUSTAVO A. MADERO,SAN MIGUEL CUAUTEPEC,0.79513714,Bajo
GUSTAVO A. MADERO,SAN MIGUEL-LA ESCALERA (BARR),0.81302835882,Bajo
GUSTAVO A. MADERO,SAN PEDRO EL CHICO,0.92492858261,Alto
GUSTAVO A. MADERO,SAN PEDRO ZACATENCO (PBLO),0.85750492679,Medio
GUSTAVO A. MADERO,SAN RAFAEL TICOMAN (BARR),0.82456182727,Bajo
GUSTAVO A. MADERO,SANTA ISABEL TOLA (PBLO),0.8423670844,Medio
GUSTAVO A. MADERO,SANTA ROSA,0.86459428167,Medio
GUSTAVO A. MADERO,SANTIAGO ATEPETLAC,0.82713556667,Bajo
GUSTAVO A. MADERO,SANTIAGO ATEPETLAC (LA SELVITA) (U HAB),0.89552805238,Alto
GUSTAVO A. MADERO,SANTIAGO ATZACOALCO (PBLO),0.8332528383,Medio
GUSTAVO A. MADERO,SCT (U HAB),0.94078085909, Muy Alto
GUSTAVO A. MADERO,SIETE MARAVILLAS,0.93117336364,Alto
GUSTAVO A. MADERO,SOLIDARIDAD NACIONAL,0.9032822963,Alto
GUSTAVO A. MADERO,SUTIC VALLEJO (U HAB),0.87136455,Medio
GUSTAVO A. MADERO,TABLAS DE SAN AGUSTIN,0.86454357179,Medio
GUSTAVO A. MADERO,TEPETATAL,0.78236026,Bajo
GUSTAVO A. MADERO,TEPEYAC INSURGENTES,0.915790675,Alto
GUSTAVO A. MADERO,TLACAELEL,0.7282560675,Muy Bajo
GUSTAVO A. MADERO,TLACAMACA,0.82935796,Bajo
GUSTAVO A. MADERO,TLALPEXCO,0.73402851333,Muy Bajo
GUSTAVO A. MADERO,TORRES DE QUIROGA (U HAB),0.83612232857,Medio
GUSTAVO A. MADERO,TORRES DE SAN JUAN (U HAB),0.91708056667,Alto
GUSTAVO A. MADERO,TORRES DE SAN JUAN 1B (U HAB),0.9103388,Alto
GUSTAVO A. MADERO,TORRES LINDAVISTA (FRACC),0.95287086286, Muy Alto
GUSTAVO A. MADERO,TRES ESTRELLAS,0.854497936,Medio
GUSTAVO A. MADERO,TRIUNFO DE LA REPUBLICA,0.82070097895,Bajo
GUSTAVO A. MADERO,VALLE DE MADERO,0.83567491053,Medio
GUSTAVO A. MADERO,VALLE DEL TEPEYAC,0.94876014, Muy Alto
GUSTAVO A. MADERO,VALLEJO PONIENTE,0.81711366923,Bajo
GUSTAVO A. MADERO,VASCO DE QUIROGA,0.84064460615,Medio
GUSTAVO A. MADERO,VERONICA CASTRO,0.70927402353,Muy Bajo
GUSTAVO A. MADERO,VILLA DE ARAGON (FRACC),0.91143167391,Alto
GUSTAVO A. MADERO,VILLA GUSTAVO A MADERO,0.82736912857,Bajo
GUSTAVO A. MADERO,VILLA HERMOSA,0.83567794,Medio
GUSTAVO A. MADERO,VISTA HERMOSA,0.70580142857,Muy Bajo
GUSTAVO A. MADERO,ZONA ESCOLAR ORIENTE,0.847074,Medio
GUSTAVO A. MADERO,15 DE AGOSTO,0.82055139231,Bajo
GUSTAVO A. MADERO,25 DE JULIO,0.80216956296,Bajo
GUSTAVO A. MADERO,51 LEGISLATURA,0.91030022,Alto
GUSTAVO A. MADERO,6 DE JUNIO,0.74219988148,Muy Bajo
GUSTAVO A. MADERO,7 DE NOVIEMBRE,0.86265794242,Medio
GUSTAVO A. MADERO,VILLA DE ARAGON,0.79488702059,Bajo
GUSTAVO A. MADERO,JOYAS VALLEJO (U HAB),0.94456118824, Muy Alto
GUSTAVO A. MADERO,CAMPESTRE ARAGON I,0.84297942558,Medio
GUSTAVO A. MADERO,CAMPESTRE ARAGON II,0.85384233729,Medio
GUSTAVO A. MADERO,CASAS ALEMAN (AMPL) I,0.8326414234,Medio
GUSTAVO A. MADERO,CASAS ALEMAN (AMPL) II,0.8591888898,Medio
GUSTAVO A. MADERO,CHALMA DE GUADALUPE I,0.79480303333,Bajo
GUSTAVO A. MADERO,CHALMA DE GUADALUPE II,0.80179129848,Bajo
GUSTAVO A. MADERO,GABRIEL HERNANDEZ (AMPL) I,0.81079573404,Bajo
GUSTAVO A. MADERO,GABRIEL HERNANDEZ (AMPL) II,0.80647629268,Bajo
GUSTAVO A. MADERO,INDUSTRIAL I,0.91420250959,Alto
GUSTAVO A. MADERO,INDUSTRIAL II,0.92076133692,Alto
GUSTAVO A. MADERO,LINDAVISTA I,0.93771590104, Muy Alto
GUSTAVO A. MADERO,LINDAVISTA II,0.93326151356, Muy Alto
GUSTAVO A. MADERO,MARTIN CARRERA I,0.8037995,Bajo
GUSTAVO A. MADERO,MARTIN CARRERA II,0.83214005366,Bajo
GUSTAVO A. MADERO,NUEVA ATZACOALCO I,0.79462232564,Bajo
GUSTAVO A. MADERO,NUEVA ATZACOALCO II,0.80474439429,Bajo
GUSTAVO A. MADERO,NUEVA ATZACOALCO III,0.81569850256,Bajo
GUSTAVO A. MADERO,PROGRESO NACIONAL I,0.83706438788,Medio
GUSTAVO A. MADERO,PROGRESO NACIONAL II,0.83801867297,Medio
GUSTAVO A. MADERO,PROVIDENCIA I,0.82410576122,Bajo
GUSTAVO A. MADERO,PROVIDENCIA II,0.80654931111,Bajo
GUSTAVO A. MADERO,PROVIDENCIA III,0.81323551034,Bajo
GUSTAVO A. MADERO,SAN FELIPE DE JESUS I,0.78584897386,Bajo
GUSTAVO A. MADERO,SAN FELIPE DE JESUS II,0.80713531522,Bajo
GUSTAVO A. MADERO,SAN FELIPE DE JESUS III,0.8102921987,Bajo
GUSTAVO A. MADERO,SAN FELIPE DE JESUS IV,0.80233744217,Bajo
GUSTAVO A. MADERO,SAN JUAN DE ARAGON 1A SECCION (U HAB) I,0.87453023559,Medio
GUSTAVO A. MADERO,SAN JUAN DE ARAGON 1A SECCION (U HAB) II,0.8786709459,Medio
GUSTAVO A. MADERO,SAN JUAN DE ARAGON 2A SECCION (U HAB) I,0.89175116061,Alto
GUSTAVO A. MADERO,SAN JUAN DE ARAGON 2A SECCION (U HAB) II,0.88107015455,Medio
GUSTAVO A. MADERO,SAN JUAN DE ARAGON 4A  Y 5A SECCION (U HAB) I,0.92233369891,Alto
GUSTAVO A. MADERO,SAN JUAN DE ARAGON 4A  Y 5A SECCION (U HAB) II,0.9285671383,Alto
GUSTAVO A. MADERO,SAN JUAN DE ARAGON 7 SECC (U HAB) I,0.84587973103,Medio
GUSTAVO A. MADERO,SAN JUAN DE ARAGON 7 SECC (U HAB) II,0.86400122857,Medio
GUSTAVO A. MADERO,VALLEJO I,0.84700581,Medio
GUSTAVO A. MADERO,VALLEJO II,0.84563072727,Medio
GUSTAVO A. MADERO,ZONA ESCOLAR I,0.84237571224,Medio
GUSTAVO A. MADERO,ZONA ESCOLAR II,0.83493881017,Medio
GUSTAVO A. MADERO,LA ESMERALDA II,0.8711244,Medio
GUSTAVO A. MADERO,LA ESMERALDA III,0.88726132105,Alto
GUSTAVO A. MADERO,SAN JUAN DE ARAGON 3A SECCION (U HAB) II,0.873454865,Medio
GUSTAVO A. MADERO,SAN JUAN DE ARAGON 6A SECCION (U HAB) II,0.92339849545,Alto
IZTACALCO,AMPLIACION RAMOS MILLAN,0.82038156301,Bajo
IZTACALCO,CARLOS ZAPATA VELA,0.80327379659,Bajo
IZTACALCO,FRACCIONAMIENTO COYUYA,0.93444626667, Muy Alto
IZTACALCO,CUCHILLA AGRICOLA ORIENTAL,0.81464179,Bajo
IZTACALCO,CUCHILLA RAMOS MILLAN,0.85884329138,Medio
IZTACALCO,EL RODEO,0.81379169118,Bajo
IZTACALCO,EX EJIDOS DE LA MAGDALENA MIXIHUCA,0.81805294,Bajo
IZTACALCO,GABRIEL RAMOS MILLAN,0.83740025476,Medio
IZTACALCO,INPI PICOS,0.91798146429,Alto
IZTACALCO,JARDINES TECMA,0.83257445,Medio
IZTACALCO,LA ASUNCION (BARR),0.82257649091,Bajo
IZTACALCO,LA CRUZ,0.79906200769,Bajo
IZTACALCO,LOS REYES (BARR),0.82521676739,Bajo
IZTACALCO,MILITAR MARTE,0.94316707439, Muy Alto
IZTACALCO,MOSCO CHINAMPA,0.82057044444,Bajo
IZTACALCO,NUEVA STA ANITA,0.86623098823,Medio
IZTACALCO,PICOS IZTACALCO 1-A,0.8275461,Bajo
IZTACALCO,PICOS IZTACALCO 1B,0.889358405,Alto
IZTACALCO,PICOS IZTACALCO 2A,0.84009893448,Medio
IZTACALCO,REFORMA IZTACCIHUATL NORTE,0.9364623, Muy Alto
IZTACALCO,REFORMA IZTACCIHUATL SUR,0.9414459125, Muy Alto
IZTACALCO,SAN FCO XICALTONGO (BARR),0.80162632222,Bajo
IZTACALCO,SAN MIGUEL (BARR),0.8279924125,Bajo
IZTACALCO,SAN PEDRO IZTACALCO (BARR),0.83668861622,Medio
IZTACALCO,SANTA ANITA,0.833895796,Medio
IZTACALCO,SANTA CRUZ (BARR),0.81803083636,Bajo
IZTACALCO,SANTIAGO NORTE (BARR),0.79819596667,Bajo
IZTACALCO,SANTIAGO SUR (BARR),0.90457417213,Alto
IZTACALCO,TLACOTAL RAMOS MILLAN,0.85466051342,Medio
IZTACALCO,TLAZINTLA,0.84001903333,Medio
IZTACALCO,VIADUCTO PIEDAD,0.88302330833,Alto
IZTACALCO,ZAPOTLA (BARR),0.85077402647,Medio
IZTACALCO,AGRICOLA ORIENTAL I,0.85273955616,Medio
IZTACALCO,AGRICOLA ORIENTAL II,0.83565976857,Medio
IZTACALCO,AGRICOLA ORIENTAL III,0.85069866761,Medio
IZTACALCO,AGRICOLA ORIENTAL IV,0.85788325429,Medio
IZTACALCO,AGRICOLA ORIENTAL V,0.85403789152,Medio
IZTACALCO,AGRICOLA ORIENTAL VI,0.88119241045,Medio
IZTACALCO,AGRICOLA ORIENTAL VII,0.86587088624,Medio
IZTACALCO,AGRICOLA ORIENTAL VIII,0.87212044915,Medio
IZTACALCO,CAMPAMENTO 2 DE OCTUBRE I,0.83308111982,Medio
IZTACALCO,CAMPAMENTO 2 DE OCTUBRE II,0.80581995091,Bajo
IZTACALCO,GRANJAS MEXICO I,0.857915042,Medio
IZTACALCO,GRANJAS MEXICO II,0.86978504839,Medio
IZTACALCO,INFONAVIT IZTACALCO (U HAB) I,0.92204741071,Alto
IZTACALCO,INFONAVIT IZTACALCO (U HAB) II,0.8981836913,Alto
IZTACALCO,JUVENTINO ROSAS I,0.82155517059,Bajo
IZTACALCO,JUVENTINO ROSAS II,0.84407020286,Medio
IZTACALCO,PANTITLAN I,0.86922421487,Medio
IZTACALCO,PANTITLAN II,0.83916024138,Medio
IZTACALCO,PANTITLAN III,0.888469825,Alto
IZTACALCO,PANTITLAN IV,0.87873159308,Medio
IZTACALCO,PANTITLAN V,0.86865409675,Medio
IZTACALCO,RAMOS MILLAN BRAMADERO I,0.81087841071,Bajo
IZTACALCO,RAMOS MILLAN BRAMADERO II,0.83575122466,Medio
,,,
,,,
IZTAPALAPA,ACULCO (PBLO),0.86524374872,Medio
IZTAPALAPA,ALBARRADAS (U HAB),0.91776229524,Alto
IZTAPALAPA,ALCANFORES (U HAB),0.89205492222,Alto
IZTAPALAPA,ALLEPETLALI (U HAB),0.8296078,Bajo
IZTAPALAPA,ALVARO OBREGON,0.85941833922,Medio
IZTAPALAPA,ALVARO OBREGON_(FRACC),0.80048839107,Bajo
IZTAPALAPA,A├æO DE JUAREZ,0.81352092143,Bajo
IZTAPALAPA,ANTORCHA POPULAR I (U HAB),0.80370483333,Bajo
IZTAPALAPA,APATLACO,0.82592935102,Bajo
IZTAPALAPA,ARBOLEDAS,0.75754991111,Muy Bajo
IZTAPALAPA,ART 4TO CONSTITUCIONAL (U HAB),0.81467067846,Bajo
IZTAPALAPA,BANJIDAL,0.92246164706,Alto
IZTAPALAPA,BARRANCAS DE GUADALUPE,0.71802404,Muy Bajo
IZTAPALAPA,BELLAVISTA (U HAB),0.89558347027,Alto
IZTAPALAPA,BENITO JUAREZ,0.89176575,Alto
IZTAPALAPA,CABEZA DE JUAREZ I (U HAB),0.89043013333,Alto
IZTAPALAPA,CABEZA DE JUAREZ II (U HAB),0.8435059625,Medio
IZTAPALAPA,CABEZA DE JUAREZ III (U HAB),0.9049228875,Alto
IZTAPALAPA,CACAMA,0.88965043846,Alto
IZTAPALAPA,CAMPESTRE POTRERO,0.71131034043,Muy Bajo
IZTAPALAPA,CANANEA (U HAB),0.83472102651,Medio
IZTAPALAPA,CARLOS HANK GONZALEZ,0.80486981219,Bajo
IZTAPALAPA,CARMEN SERDAN ( U HAB),0.92107640333,Alto
IZTAPALAPA,CASA BLANCA,0.85927874783,Medio
IZTAPALAPA,CE CUALLI OHTLI (U HAB),0.84563458769,Medio
IZTAPALAPA,CHINAMPAS DE SANTA MA TOMATLAN,0.87069687,Medio
IZTAPALAPA,CITLALLI,0.81362332821,Bajo
IZTAPALAPA,COLONIAL IZTAPALAPA (FRACC),0.92837548154,Alto
IZTAPALAPA,CONCORDIA ZARAGOZA (U HAB),0.87136841538,Medio
IZTAPALAPA,CUCHILLAS DEL MORAL (U HAB),0.87285947297,Medio
IZTAPALAPA,CUITLAHUAC (U HAB),0.84811106761,Medio
IZTAPALAPA,CULHUACAN (PBLO),0.85954062632,Medio
IZTAPALAPA,DEGOLLADO,0.74152477895,Muy Bajo
IZTAPALAPA,DEGOLLADO CHICO,0.73056595454,Muy Bajo
IZTAPALAPA,DR ALFONSO ORTIZ TIRADO,0.85921125667,Medio
IZTAPALAPA,EJERCITO DE AGUA PRIETA,0.7869502217,Bajo
IZTAPALAPA,EJTO CONSTITUCIONALISTA,0.76749922099,Muy Bajo
IZTAPALAPA,EJTO CONSTITUCIONALISTA II ( U HAB),0.85474544615,Medio
IZTAPALAPA,"EJTO CONSTITUCIONALISTA, SUPERMANZANA I ( U HAB)",0.83475717982,Medio
IZTAPALAPA,"EJTO CONSTITUCIONALISTA, SUPERMANZANA II ( U HAB)",0.82644039265,Bajo
IZTAPALAPA,"EJTO CONSTITUCIONALISTA, SUPERMANZANA III (U HAB)",0.81864308837,Bajo
IZTAPALAPA,EJTO DE OTE II (U HAB),0.87942891936,Medio
IZTAPALAPA,EL EDEN,0.8212803,Bajo
IZTAPALAPA,EL MANTO,0.8458453456,Medio
IZTAPALAPA,EL MANTO_PLAN DE IGUALA,0.834162925,Medio
IZTAPALAPA,EL MIRADOR,0.78773275106,Bajo
IZTAPALAPA,EL MOLINO,0.80585449091,Bajo
IZTAPALAPA,EL MOLINO_,0.9035641,Alto
IZTAPALAPA,EL PRADO,0.93889682222, Muy Alto
IZTAPALAPA,EL RETO├æO,0.90534162917,Alto
IZTAPALAPA,EL RODEO,0.84464294,Medio
IZTAPALAPA,EL ROSARIO,0.82486796027,Bajo
IZTAPALAPA,EL SANTUARIO,0.84749783939,Medio
IZTAPALAPA,EL SANTUARIO (AMPL),0.85578935143,Medio
IZTAPALAPA,EL SIFON,0.9012530017,Alto
IZTAPALAPA,EL TRIANGULO,0.6675493579,Muy Bajo
IZTAPALAPA,EL TRIUNFO,0.85398806667,Medio
IZTAPALAPA,EL TRIUNFO (AMPL),0.88592375714,Alto
IZTAPALAPA,EL VERGEL,0.85600612152,Medio
IZTAPALAPA,EL VERGEL TRIANGULO DE LAS AGUJAS I (U HAB),0.87783103889,Medio
IZTAPALAPA,EL VERGEL TRIANGULO DE LAS AGUJAS II (U HAB),0.89917425,Alto
IZTAPALAPA,EMILIANO ZAPATA (AMPL),0.7300802023,Muy Bajo
IZTAPALAPA,ESCUADRON 201,0.86543487143,Medio
IZTAPALAPA,ESTADO DE VERACRUZ,0.84728568571,Medio
IZTAPALAPA,ESTRELLA CULHUACAN,0.83330058235,Medio
IZTAPALAPA,ESTRELLA DEL SUR,0.8410305625,Medio
IZTAPALAPA,F P F V (PREDIO EL MOLINO) ( U HAB),0.85600805769,Medio
IZTAPALAPA,FRANCISCO VILLA,0.81828916932,Bajo
IZTAPALAPA,FUEGO NUEVO,0.81017752911,Bajo
IZTAPALAPA,FUENTES DE ZARAGOZA (U HAB),0.90629690333,Alto
IZTAPALAPA,FUERTE DE LORETO - LA ANTENA (U HAB),0.79440842826,Bajo
IZTAPALAPA,GAMA GAVILAN (U HAB),0.909123475,Alto
IZTAPALAPA,GAVILAN (U HAB),0.87592227333,Medio
IZTAPALAPA,GRANJAS ESMERALDA,0.92504212581,Alto
IZTAPALAPA,GRANJAS ESTRELLA I,0.93126072632,Alto
IZTAPALAPA,GRANJAS ESTRELLA II,0.84583746667,Medio
IZTAPALAPA,GRANJAS ESTRELLA III,0.87167386667,Medio
IZTAPALAPA,GRANJAS SAN ANTONIO,0.89477144524,Alto
IZTAPALAPA,GUADALUPE (BARR),0.76581605,Muy Bajo
IZTAPALAPA,GUADALUPE DEL MORAL,0.80394219455,Bajo
IZTAPALAPA,GUELATAO DE JUAREZ I (U HAB),0.89260543393,Alto
IZTAPALAPA,GUELATAO DE JUAREZ II (U HAB),0.90492412105,Alto
IZTAPALAPA,HEROES DE CHURUBUSCO,0.91442183889,Alto
IZTAPALAPA,HUASIPUNGO (U HAB),0.81807333793,Bajo
IZTAPALAPA,HUITZICO-LA POBLANITA,0.68970557647,Muy Bajo
IZTAPALAPA,IGNACIO ZARAGOZA (U HAB),0.89188952593,Alto
IZTAPALAPA,INSURGENTES,0.81420456458,Bajo
IZTAPALAPA,IXTLAHUACAN,0.76444174623,Muy Bajo
IZTAPALAPA,JACARANDAS,0.85040163889,Medio
IZTAPALAPA,JARDINES DE CHURUBUSCO,0.90756415714,Alto
IZTAPALAPA,JARDINES DE SAN LORENZO,0.79991335926,Bajo
IZTAPALAPA,JOSE MA MORELOS Y PAVON (U HAB),0.77794721,Muy Bajo
IZTAPALAPA,JUSTO SIERRA,0.93885778571, Muy Alto
IZTAPALAPA,LA ASUNCION (BARR),0.79165947059,Bajo
IZTAPALAPA,LA COLMENA (U HAB),0.86730052273,Medio
IZTAPALAPA,LA ERA,0.83283014262,Medio
IZTAPALAPA,LA ESPERANZA,0.830412375,Bajo
IZTAPALAPA,LA ESTACION,0.73718382,Muy Bajo
IZTAPALAPA,LA JOYA,0.75003545,Muy Bajo
IZTAPALAPA,LA JOYITA,0.75438797143,Muy Bajo
IZTAPALAPA,LA MAGUEYERA,0.739276508,Muy Bajo
IZTAPALAPA,LA NUEVA ROSITA,0.83250375769,Medio
IZTAPALAPA,LA PLANTA,0.81587093333,Bajo
IZTAPALAPA,LA POLVORILLA,0.77648356207,Muy Bajo
IZTAPALAPA,POLVORILLA (AMPL),0.72260750476,Muy Bajo
IZTAPALAPA,LA REGADERA,0.87403661,Medio
IZTAPALAPA,LAS AMERICAS (U HAB),0.91347165507,Alto
IZTAPALAPA,LAS PE├æAS I,0.83820912887,Medio
IZTAPALAPA,LEYES DE REFORMA 1A SECCION,0.84166270357,Medio
IZTAPALAPA,LEYES DE REFORMA 2A SECCION,0.8167259037,Bajo
IZTAPALAPA,LOMAS DE SANTA CRUZ MEYEHUALCO,0.75473219286,Muy Bajo
IZTAPALAPA,LOMAS DE ZARAGOZA,0.74277452079,Muy Bajo
IZTAPALAPA,LOMAS EL MANTO,0.84243395714,Medio
IZTAPALAPA,LOMAS ESTRELLA  III (U HAB),0.87034746522,Medio
IZTAPALAPA,LOMAS ESTRELLA 1A SECC (FRACC),0.93248600909,Alto
IZTAPALAPA,LOS ANGELES,0.83724082353,Medio
IZTAPALAPA,LOS ANGELES APANOAYA,0.87874768367,Medio
IZTAPALAPA,LOS CIPRESES,0.90074029474,Alto
IZTAPALAPA,LOS PICOS VI B,0.86156836316,Medio
IZTAPALAPA,LOS REYES (AMPL),0.80124729508,Bajo
IZTAPALAPA,LOS REYES (PBLO),0.818757392,Bajo
IZTAPALAPA,M MAZA DE JUAREZ (U HAB),0.91410363333,Alto
IZTAPALAPA,MAGDALENA ATLAZOLPA (PBLO),0.86603928387,Medio
IZTAPALAPA,MEXICALTZINGO (PBLO),0.87702396667,Medio
IZTAPALAPA,MIGUEL DE LA MADRID HURTADO,0.75516135843,Muy Bajo
IZTAPALAPA,MINAS POLVORILLA (U HAB),0.7566883025,Muy Bajo
IZTAPALAPA,MINERVA,0.8892779375,Alto
IZTAPALAPA,MIRASOLES (U HAB),0.89083750217,Alto
IZTAPALAPA,MIRAVALLE,0.7213876871,Muy Bajo
IZTAPALAPA,MIXCOATL,0.80823286812,Bajo
IZTAPALAPA,MODELO (U),0.94071365471, Muy Alto
IZTAPALAPA,MONTE ALBAN,0.74650243333,Muy Bajo
IZTAPALAPA,MOYOCOYANI (U HAB),0.80453038182,Bajo
IZTAPALAPA,NA HAL TI (U HAB),0.7816629,Bajo
IZTAPALAPA,NORMA ISSSTE (U HAB),0.897710804,Alto
IZTAPALAPA,NUEVA GENERACION (U HAB),0.81807333793,Bajo
IZTAPALAPA,PALMITAS,0.75909448485,Muy Bajo
IZTAPALAPA,PARAISO,0.78564504386,Bajo
IZTAPALAPA,PARAISO (AMPL),0.72382258182,Muy Bajo
IZTAPALAPA,PARAJE SAN JUAN,0.83681301333,Medio
IZTAPALAPA,PARAJE ZACATEPEC,0.78673142885,Bajo
IZTAPALAPA,PARAJES BUENAVISTA (TETECON),0.70635631111,Muy Bajo
IZTAPALAPA,PASEOS DE CHURUBUSCO,0.92125130331,Alto
IZTAPALAPA,PE├æON VIEJO (U HAB),0.81254408846,Bajo
IZTAPALAPA,PLENITUD (U HAB),0.93018515385,Alto
IZTAPALAPA,PLUTARCO ELIAS CALLES (U HAB),0.88619387143,Alto
IZTAPALAPA,PREDIO DEGOLLADO,0.69506967581,Muy Bajo
IZTAPALAPA,PRESIDENTES DE MEXICO,0.831325632,Bajo
IZTAPALAPA,PRIVADA GAVILAN (U HAB),0.86250939286,Medio
IZTAPALAPA,PROGRESISTA,0.82913510351,Bajo
IZTAPALAPA,PROGRESO DEL SUR,0.87528558,Medio
IZTAPALAPA,PUENTE BLANCO,0.79436686143,Bajo
IZTAPALAPA,PURISIMA ATLAZOLPA,0.84313465625,Medio
IZTAPALAPA,PURISIMA I,0.78088822,Bajo
IZTAPALAPA,REAL DEL MORAL (FRACC),0.924310572,Alto
IZTAPALAPA,RENOVACION,0.72151296559,Muy Bajo
IZTAPALAPA,RICARDO FLORES MAGON,0.8098597,Bajo
IZTAPALAPA,RICARDO FLORES MAGON (AMPL),0.86777077308,Medio
IZTAPALAPA,RINCONADA EL MOLINO,0.76457026667,Muy Bajo
IZTAPALAPA,SAN ANDRES TETEPILCO (PBLO),0.87823934375,Medio
IZTAPALAPA,SAN ANDRES TOMATLAN (PBLO),0.82377640263,Bajo
IZTAPALAPA,SAN ANTONIO (BARR),0.76849642262,Muy Bajo
IZTAPALAPA,SAN ANTONIO CULHUACAN (BARR),0.83813751667,Medio
IZTAPALAPA,SAN FRANCISCO APOLOCALCO,0.71581435539,Muy Bajo
IZTAPALAPA,SAN IGNACIO (BARR),0.75695408235,Muy Bajo
IZTAPALAPA,SAN JOSE (BARR),0.78254891923,Bajo
IZTAPALAPA,SAN JOSE ACULCO,0.72796867636,Muy Bajo
IZTAPALAPA,SAN JOSE BUENAVISTA,0.703688515,Muy Bajo
IZTAPALAPA,SAN JUAN 2A AMPLIACI├ôN (PJE),0.79639452174,Bajo
IZTAPALAPA,SAN JUAN CERRO (PJE),0.82909395366,Bajo
IZTAPALAPA,SAN JUAN JOYA (PJE),0.80649178529,Bajo
IZTAPALAPA,SAN JUANICO NEXTIPAC (PBLO),0.84982911071,Medio
IZTAPALAPA,SAN LORENZO 870 (U HAB),0.749468006,Muy Bajo
IZTAPALAPA,SAN LORENZO TEZONCO (BARR),0.77914263478,Bajo
IZTAPALAPA,SAN LORENZO TEZONCO (PBLO),0.77568075952,Muy Bajo
IZTAPALAPA,SAN LORENZO TEZONCO I (U HAB),0.90113823056,Alto
IZTAPALAPA,SAN LORENZO TEZONCO II (U HAB),0.88382164545,Alto
IZTAPALAPA,SAN LORENZO XICOTENCATL (PBLO),0.81776235806,Bajo
IZTAPALAPA,SAN LUCAS (BARR),0.86334652692,Medio
IZTAPALAPA,SAN MIGUEL (BARR),0.85180654944,Medio
IZTAPALAPA,SAN NICOLAS TOLENTINO I,0.83880870159,Medio
IZTAPALAPA,SAN NICOLAS TOLENTINO II,0.90612874105,Alto
IZTAPALAPA,SAN PABLO (BARR),0.83598119524,Medio
IZTAPALAPA,"SAN PABLO I, II Y V-LOMAS DEL PARAISO",0.73735982353,Muy Bajo
IZTAPALAPA,SAN PEDRO (BARR),0.76809771176,Muy Bajo
IZTAPALAPA,SAN SEBASTIAN TECOLOXTITLAN (PBLO),0.79521188,Bajo
IZTAPALAPA,SAN SIMON CULHUACAN (BARR),0.80580719091,Bajo
IZTAPALAPA,SANTA BARBARA (BARR) I,0.84384352424,Medio
IZTAPALAPA,SANTA CRUZ MEYEHUALCO (PBLO),0.76056264756,Muy Bajo
IZTAPALAPA,SANTA CRUZ VI (U HAB),0.8230991,Bajo
IZTAPALAPA,SANTA CRUZ VII (U HAB),0.77593963333,Muy Bajo
IZTAPALAPA,SANTA MARIA DEL MONTE,0.81204556,Bajo
IZTAPALAPA,SANTA MARIA TOMATLAN,0.81218661111,Bajo
IZTAPALAPA,SANTA MARIA TOMATLAN (AMPL),0.81470588235,Bajo
IZTAPALAPA,SANTA MARIA TOMATLAN (PBLO),0.79758463571,Bajo
IZTAPALAPA,SANTA MARTHA ACATITLA,0.78305466341,Bajo
IZTAPALAPA,SANTA MARTHA ACATITLA SUR (AMPL),0.78166496364,Bajo
IZTAPALAPA,SANTA MARTHA ACATITLA_(PBLO),0.77637757143,Muy Bajo
IZTAPALAPA,SANTIAGO ACAHUALTEPEC (PBLO),0.75650290385,Muy Bajo
IZTAPALAPA,SECTOR POPULAR,0.87609332593,Medio
IZTAPALAPA,SIDERAL,0.85120581111,Medio
IZTAPALAPA,SIERRA DEL VALLE,0.8052846,Bajo
IZTAPALAPA,SINATEL,0.93662030526, Muy Alto
IZTAPALAPA,SINATEL (AMPL),0.9512070037, Muy Alto
IZTAPALAPA,SOLIDARIDAD EL SALADO (U HAB),0.84647440515,Medio
IZTAPALAPA,STA ISABEL INDUSTRIAL,0.80804734286,Bajo
IZTAPALAPA,STA MA AZTAHUACAN (PBLO),0.78648784687,Bajo
IZTAPALAPA,TENORIOS,0.74889140133,Muy Bajo
IZTAPALAPA,TEXCOCO EL SALADO,0.790747625,Bajo
IZTAPALAPA,TLALTENCO (U HAB),0.85431424634,Medio
IZTAPALAPA,TLANEZICALLI (U HAB),0.85657863333,Medio
IZTAPALAPA,TULA (BARR),0.7290249,Muy Bajo
IZTAPALAPA,USCOVI (U HAB),0.82578128,Bajo
IZTAPALAPA,VALLE DE LUCES (U HAB),0.8352991175,Medio
IZTAPALAPA,VALLE DE LUCES I,0.83493491731,Medio
IZTAPALAPA,VALLE DE LUCES II,0.809530775,Bajo
IZTAPALAPA,VALLE DEL SUR,0.83668857941,Medio
IZTAPALAPA,VERACRUZANA (AMPL),0.84915461429,Medio
IZTAPALAPA,VICENTE GUERRERO SUPER MANZANA 1 (U HAB),0.87181824063,Medio
IZTAPALAPA,VICENTE GUERRERO SUPER MANZANA 2 (U HAB),0.874231432,Medio
IZTAPALAPA,VICENTE GUERRERO SUPER MANZANA 3 (U HAB),0.8696569913,Medio
IZTAPALAPA,VICENTE GUERRERO SUPER MANZANA 4 (U HAB),0.85177671,Medio
IZTAPALAPA,VICENTE GUERRERO SUPER MANZANA 5 (U HAB),0.87434981539,Medio
IZTAPALAPA,VICENTE GUERRERO SUPER MANZANA 6 (U HAB),0.8733702625,Medio
IZTAPALAPA,VICENTE GUERRERO SUPER MANZANA 7 (U HAB),0.88235958696,Alto
IZTAPALAPA,XOPA (U HAB),0.86279291818,Medio
IZTAPALAPA,ZACAHUITZCO,0.88985124074,Alto
IZTAPALAPA,ZONA MILITAR FAVE SEDENA (U HAB),0.95997839231, Muy Alto
IZTAPALAPA,12 DE DICIEMBRE,0.80733348333,Bajo
IZTAPALAPA,1A AMPLIACION SANTIAGO ACAHUALTEPEC,0.77136467143,Muy Bajo
IZTAPALAPA,8A DE SAN MIGUEL (AMPL),0.8782101,Medio
IZTAPALAPA,9 1/2 - FRANCISCO VILLA (EJERCITO CONSTITUCIONALISTA) (CONJ HAB),0.70607724118,Muy Bajo
IZTAPALAPA,BUENAVISTA I,0.74237465179,Muy Bajo
IZTAPALAPA,BUENAVISTA II,0.71723907051,Muy Bajo
IZTAPALAPA,CERRO DE LA ESTRELLA I,0.83748828182,Medio
IZTAPALAPA,CERRO DE LA ESTRELLA II,0.88832727018,Alto
IZTAPALAPA,CHINAMPAC DE JUAREZ I,0.89403121111,Alto
IZTAPALAPA,CHINAMPAC DE JUAREZ II,0.78893611384,Bajo
IZTAPALAPA,CONSEJO AGRARISTA MEXICANO I,0.82250544188,Bajo
IZTAPALAPA,CONSEJO AGRARISTA MEXICANO II,0.83872756667,Medio
IZTAPALAPA,CONSTITUCION DE 1917 I,0.90669054909,Alto
IZTAPALAPA,CONSTITUCION DE 1917 II,0.89535347727,Alto
IZTAPALAPA,DESARROLLO URBANO QUETZALCOATL  I,0.78455967253,Bajo
IZTAPALAPA,DESARROLLO URBANO QUETZALCOATL  II,0.76395352778,Muy Bajo
IZTAPALAPA,DESARROLLO URBANO QUETZALCOATL  III,0.75275366688,Muy Bajo
IZTAPALAPA,EJERCITO DE ORIENTE (U HAB) I,0.81649385179,Bajo
IZTAPALAPA,EJERCITO DE ORIENTE (U HAB) II,0.82842597922,Bajo
IZTAPALAPA,ERMITA ZARAGOZA (U HAB) I,0.84865703696,Medio
IZTAPALAPA,ERMITA ZARAGOZA (U HAB) II,0.834371572,Medio
IZTAPALAPA,JOSE LOPEZ PORTILLO I,0.76992552264,Muy Bajo
IZTAPALAPA,JOSE LOPEZ PORTILLO II,0.7702297898,Muy Bajo
IZTAPALAPA,JUAN ESCUTIA I,0.8279148493,Bajo
IZTAPALAPA,JUAN ESCUTIA II,0.88971640345,Alto
IZTAPALAPA,LEYES DE REFORMA 3A SECCION I,0.79312851364,Bajo
IZTAPALAPA,LEYES DE REFORMA 3A SECCION II,0.77337219333,Muy Bajo
IZTAPALAPA,LOMAS DE LA ESTANCIA I,0.73712947714,Muy Bajo
IZTAPALAPA,LOMAS DE LA ESTANCIA II,0.71975598256,Muy Bajo
IZTAPALAPA,LOMAS DE SAN LORENZO I,0.78527229821,Bajo
IZTAPALAPA,LOMAS DE SAN LORENZO II,0.80760786389,Bajo
IZTAPALAPA,LOMAS ESTRELLA 2A SECC I,0.92051465944,Alto
IZTAPALAPA,LOMAS ESTRELLA 2A SECC II,0.93199914727,Alto
IZTAPALAPA,REFORMA POLITICA I,0.77953687742,Bajo
IZTAPALAPA,REFORMA POLITICA II,0.77959819667,Bajo
IZTAPALAPA,SAN JUAN XALPA I,0.866462578,Medio
IZTAPALAPA,SAN JUAN XALPA II,0.83528630303,Medio
IZTAPALAPA,SAN MIGUEL TEOTONGO I,0.75321637273,Muy Bajo
IZTAPALAPA,SAN MIGUEL TEOTONGO II,0.74669953008,Muy Bajo
IZTAPALAPA,SAN MIGUEL TEOTONGO III,0.72437437642,Muy Bajo
IZTAPALAPA,SAN MIGUEL TEOTONGO IV,0.73263320941,Muy Bajo
IZTAPALAPA,SANTA CRUZ MEYEHUALCO (U HAB) I,0.81792654455,Bajo
IZTAPALAPA,SANTA CRUZ MEYEHUALCO (U HAB) II,0.81084473919,Bajo
IZTAPALAPA,SANTA MARIA AZTAHUACAN (EJ) I,0.77802747714,Muy Bajo
IZTAPALAPA,SANTA MARIA AZTAHUACAN (EJ) II,0.7784694433,Bajo
IZTAPALAPA,STA MARTHA ACATITLA NTE (AMPL) I,0.78780752,Bajo
IZTAPALAPA,STA MARTHA ACATITLA NTE (AMPL) II,0.76994207593,Muy Bajo
IZTAPALAPA,TEPALCATES I,0.880406546,Medio
IZTAPALAPA,TEPALCATES II,0.86700923437,Medio
IZTAPALAPA,VALLE DE SAN LORENZO I,0.79998637971,Bajo
IZTAPALAPA,VALLE DE SAN LORENZO II,0.77804493265,Muy Bajo
IZTAPALAPA,XALPA I,0.74225859623,Muy Bajo
IZTAPALAPA,XALPA II,0.77172560517,Muy Bajo
IZTAPALAPA,XALPA III,0.78089674598,Bajo
IZTAPALAPA,2A AMPLIACION SANTIAGO ACAHUALTEPEC I,0.81741623809,Bajo
IZTAPALAPA,2A AMPLIACION SANTIAGO ACAHUALTEPEC II,0.77812612921,Bajo
IZTAPALAPA,JUAN ESCUTIA III,0.81252210658,Bajo
IZTAPALAPA,LAS PE├æAS II,0.81750837059,Bajo
IZTAPALAPA,ROTARIOS (U HAB),0.904645775,Alto
IZTAPALAPA,SANTA BARBARA (BARR) II,0.77175751539,Muy Bajo
IZTAPALAPA,SANTA MARIA AZTAHUACAN (U HAB),0.86309908571,Medio
IZTAPALAPA,TENORIOS (AMPL),0.73271092759,Muy Bajo
IZTAPALAPA,CAROLOS PACHECO (U HAB),0.9169658,Alto
IZTAPALAPA,CHINAMPAC DE JUAREZ III,0.81618968304,Bajo
IZTAPALAPA,PREDIO SANTA CRUZ MEYEHUALCO,0.74130207857,Muy Bajo
,,,
,,,
LA MAGDALENA CONTRERAS,ATACAXCO,0.79665961333,Bajo
LA MAGDALENA CONTRERAS,BARRANCA SECA,0.87905300714,Medio
LA MAGDALENA CONTRERAS,BARROS SIERRA,0.83012286364,Bajo
LA MAGDALENA CONTRERAS,CAZULCO (BARR),0.739813025,Muy Bajo
LA MAGDALENA CONTRERAS,CUAUHTEMOC,0.85116574483,Medio
LA MAGDALENA CONTRERAS,EL ERMITA├æO,0.78136004706,Bajo
LA MAGDALENA CONTRERAS,EL GAVILLERO,0.73656188333,Muy Bajo
LA MAGDALENA CONTRERAS,BATAN VIEJO (EL MAESTRO),0.9378441, Muy Alto
LA MAGDALENA CONTRERAS,EL OCOTAL,0.77229868387,Muy Bajo
LA MAGDALENA CONTRERAS,EL ROSAL,0.81976008611,Bajo
LA MAGDALENA CONTRERAS,EL TANQUE,0.81051125429,Bajo
LA MAGDALENA CONTRERAS,EL TORO,0.862341525,Medio
LA MAGDALENA CONTRERAS,HEROES DE PADIERNA,0.8856546,Alto
LA MAGDALENA CONTRERAS,HUAYATLA,0.82128326429,Bajo
LA MAGDALENA CONTRERAS,INDEPENDENCIA BATAN NORTE (U HAB),0.94858488148, Muy Alto
LA MAGDALENA CONTRERAS,INDEPENDENCIA BATAN SUR (U HAB),0.93121793513,Alto
LA MAGDALENA CONTRERAS,INDEPENDENCIA SAN RAMON (U HAB),0.95418702632, Muy Alto
LA MAGDALENA CONTRERAS,INFONAVIT (U HAB),0.91389278333,Alto
LA MAGDALENA CONTRERAS,IXTLAHUALTONGO,0.67877428,Muy Bajo
LA MAGDALENA CONTRERAS,LA CARBONERA,0.77255248974,Muy Bajo
LA MAGDALENA CONTRERAS,LA CONCEPCION,0.87622901818,Medio
LA MAGDALENA CONTRERAS,LA CRUZ,0.86235423636,Medio
LA MAGDALENA CONTRERAS,LA GUADALUPE,0.89478152941,Alto
LA MAGDALENA CONTRERAS,LA MAGDALENA ATLITIC (PBLO),0.86465521053,Medio
LA MAGDALENA CONTRERAS,LA MALINCHE,0.84692942182,Medio
LA MAGDALENA CONTRERAS,LAS CALLES (BARR),0.88769792,Alto
LA MAGDALENA CONTRERAS,LAS CRUCES,0.78421546818,Bajo
LA MAGDALENA CONTRERAS,LAS HUERTAS,0.83132585,Bajo
LA MAGDALENA CONTRERAS,LAS PALMAS,0.83695523158,Medio
LA MAGDALENA CONTRERAS,LOMAS DE SAN BERNABE,0.801760688,Bajo
LA MAGDALENA CONTRERAS,LOMAS DE SAN BERNABE (AMPL),0.78411006818,Bajo
LA MAGDALENA CONTRERAS,LOMAS QUEBRADAS,0.89643628846,Alto
LA MAGDALENA CONTRERAS,LOS PADRES,0.82031955,Bajo
LA MAGDALENA CONTRERAS,PEDREGAL 2 (CONJ HAB),0.96991308, Muy Alto
LA MAGDALENA CONTRERAS,PLAZUELA DEL PEDREGAL,0.868290575,Medio
LA MAGDALENA CONTRERAS,POTRERILLO,0.83049072692,Bajo
LA MAGDALENA CONTRERAS,POTRERILLO (AMPL),0.7954087625,Bajo
LA MAGDALENA CONTRERAS,PUEBLO NUEVO ALTO,0.82804829333,Bajo
LA MAGDALENA CONTRERAS,PUEBLO NUEVO BAJO,0.8809812,Medio
LA MAGDALENA CONTRERAS,PUENTE SIERRA,0.8342781,Medio
LA MAGDALENA CONTRERAS,SAN BARTOLO AMEYALCO,0.84950555652,Medio
LA MAGDALENA CONTRERAS,SAN BERNABE OCOTEPEC (PBLO),0.79503426739,Bajo
LA MAGDALENA CONTRERAS,SAN FRANCISCO,0.85486052857,Medio
LA MAGDALENA CONTRERAS,SAN FRANCISCO (BARR),0.90971126923,Alto
LA MAGDALENA CONTRERAS,SAN JERONIMO ACULCO - LIDICE (PBLO),0.91649143399,Alto
LA MAGDALENA CONTRERAS,SAN NICOLAS TOTOLAPAN,0.8735154875,Medio
LA MAGDALENA CONTRERAS,SAN NICOLAS TOTOLAPAN (PBLO),0.82739574894,Bajo
LA MAGDALENA CONTRERAS,SANTA TERESA,0.89579328636,Alto
LA MAGDALENA CONTRERAS,SUBESTACION,0.80181295455,Bajo
LA MAGDALENA CONTRERAS,TIERRA COLORADA,0.69673400571,Muy Bajo
LA MAGDALENA CONTRERAS,TIERRA UNIDA,0.75880755,Muy Bajo
LA MAGDALENA CONTRERAS,VISTA HERMOSA,0.78922824286,Bajo
MILPA ALTA,SAN AGUSTIN OHTENCO (PBLO),0.7806099,Bajo
MILPA ALTA,SAN ANTONIO TECOMITL (PBLO),0.79665549876,Bajo
MILPA ALTA,SAN BARTOLOME XICOMULCO (PBLO),0.79925762353,Bajo
MILPA ALTA,SAN FRANCISCO TECOXPA (PBLO),0.75563691887,Muy Bajo
MILPA ALTA,SAN JERONIMO MIACATLAN (PBLO),0.75048807143,Muy Bajo
MILPA ALTA,SAN JUAN TEPENAHUAC (PBLO),0.775999335,Muy Bajo
MILPA ALTA,SAN LORENZO TLACOYUCAN (PBLO),0.72596532708,Muy Bajo
MILPA ALTA,SAN PABLO OZTOTEPEC (PBLO),0.77652675766,Muy Bajo
MILPA ALTA,SAN PEDRO ATOCPAN (PBLO),0.72956073475,Muy Bajo
MILPA ALTA,SAN SALVADOR CUAUHTENCO (PBLO),0.74913863978,Muy Bajo
MILPA ALTA,SANTA ANA TLACOTENCO (PBLO),0.78627855214,Bajo
MILPA ALTA,VILLA MILPA ALTA (PBLO),0.77065430225,Muy Bajo
ALVARO OBREGON,ABRAHAM GONZALEZ,0.77981945,Bajo
ALVARO OBREGON,ACUEDUCTO,0.82577603,Bajo
ALVARO OBREGON,ACUILOTLA,0.77737729474,Muy Bajo
ALVARO OBREGON,HACIENDA DE GUADALUPE CHIMALISTAC,0.93828367778, Muy Alto
ALVARO OBREGON,AGUILAS 3ER PARQUE,0.80453508667,Bajo
ALVARO OBREGON,AGUILAS PILARES,0.91565165,Alto
ALVARO OBREGON,ALCANTARILLA,0.9275631,Alto
ALVARO OBREGON,ALFALFAR,0.84927073,Medio
ALVARO OBREGON,ALFONSO XIII,0.89825635926,Alto
ALVARO OBREGON,ALPES,0.954855, Muy Alto
ALVARO OBREGON,ALPES (AMPL),0.9581202875, Muy Alto
ALVARO OBREGON,LA MEXICANA (AMPL),0.82947178571,Bajo
ALVARO OBREGON,JALALPA (AMPL),0.78915141111,Bajo
ALVARO OBREGON,ARBOLEDAS POLITOCO,0.77847006,Bajo
ALVARO OBREGON,ARCOS DE CENTENARIO,0.91720955,Alto
ALVARO OBREGON,ARTURO GAMIZ,0.81781593333,Bajo
ALVARO OBREGON,ARTURO MARTINEZ,0.77659991,Muy Bajo
ALVARO OBREGON,ARVIDE,0.76379314444,Muy Bajo
ALVARO OBREGON,ATLAMAXAC,0.80298495556,Bajo
ALVARO OBREGON,ATLAMAYA,0.96880165, Muy Alto
ALVARO OBREGON,AVE REAL,0.808355175,Bajo
ALVARO OBREGON,AVE REAL (AMPL),0.8845796,Alto
ALVARO OBREGON,AXOTLA,0.91636038,Alto
ALVARO OBREGON,BALCONES DE CEHUAYO,0.85053281818,Medio
ALVARO OBREGON,BARRIO NORTE,0.80646166,Bajo
ALVARO OBREGON,BATALLON DE SAN PATRICIO (U HAB),0.94535618636, Muy Alto
ALVARO OBREGON,BEJERO,0.83814236154,Medio
ALVARO OBREGON,BELEN DE LAS FLORES,0.84135467826,Medio
ALVARO OBREGON,BELEN DE LAS FLORES SECCION RELLENO,0.80418906667,Bajo
ALVARO OBREGON,BELLA VISTA,0.81677042222,Bajo
ALVARO OBREGON,BONANZA,0.82556391667,Bajo
ALVARO OBREGON,BOSQUES DE TARANGO,0.94823798627, Muy Alto
ALVARO OBREGON,CALZADA JALALPA,0.73258822791,Muy Bajo
ALVARO OBREGON,CAMPO DE TIRO LOS GAMITOS,0.8997,Alto
ALVARO OBREGON,CA├æADA DEL OLIVAR (U HAB),0.92986612727,Alto
ALVARO OBREGON,CANUTILLO(AGUASCALIENTES),0.78765313333,Bajo
ALVARO OBREGON,CANUTILLO 3RA SECCION,0.91181293077,Alto
ALVARO OBREGON,CANUTILLO PREDIO LA PRESA,0.88378183333,Alto
ALVARO OBREGON,CAROLA (U HAB),0.73629253333,Muy Bajo
ALVARO OBREGON,CEDRO CHICO,0.714545375,Muy Bajo
ALVARO OBREGON,CHIMALISTAC,0.94516638182, Muy Alto
ALVARO OBREGON,COLINAS DE TARANGO,0.97313798, Muy Alto
ALVARO OBREGON,COLINAS DEL SUR,0.94018695361, Muy Alto
ALVARO OBREGON,CONCIENCIA PROLETARIA,0.85111003333,Medio
ALVARO OBREGON,COOPERATIVA CEHUAYO,0.85369977143,Medio
ALVARO OBREGON,CORPUS CHRISTY,0.82902445517,Bajo
ALVARO OBREGON,CORPUS CURISTY AMPL XOCOMECATLA,0.89019922273,Alto
ALVARO OBREGON,COVE,0.9215940079,Alto
ALVARO OBREGON,CRISTO REY,0.84220015,Medio
ALVARO OBREGON,DE TARANGO (RCNDA),0.9738871, Muy Alto
ALVARO OBREGON,DESARROLLO URBANO,0.76273922222,Muy Bajo
ALVARO OBREGON,DOS RIOS,0.8010485,Bajo
ALVARO OBREGON,EL ARBOL,0.82251218571,Bajo
ALVARO OBREGON,EL BATAN,0.817239025,Bajo
ALVARO OBREGON,EL BOSQUE,0.82875558,Bajo
ALVARO OBREGON,EL BOSQUE 2DA SECCION (AMPL),0.81772455,Bajo
ALVARO OBREGON,EL BOSQUE SECCION TORRES,0.7887411,Bajo
ALVARO OBREGON,EL CAPULIN,0.82018901111,Bajo
ALVARO OBREGON,EL CAPULIN (AMPL),0.81457085,Bajo
ALVARO OBREGON,BOSCOSO (U HAB),0.96987571429, Muy Alto
ALVARO OBREGON,EL MIRADOR,0.758990725,Muy Bajo
ALVARO OBREGON,EL PARAISO,0.84619143913,Medio
ALVARO OBREGON,EL PIRU (FRACC),0.82322373333,Bajo
ALVARO OBREGON,EL PIRUL,0.84307269,Medio
ALVARO OBREGON,EL POCITO,0.7403002,Muy Bajo
ALVARO OBREGON,EL RODEO,0.674278175,Muy Bajo
ALVARO OBREGON,EL RUEDO,0.86280381667,Medio
ALVARO OBREGON,EMANCIPACION DEL PUEBLO (U HAB),0.87164192222,Medio
ALVARO OBREGON,ESTADO DE HIDALGO (AMPL),0.7986629,Bajo
ALVARO OBREGON,ESTADO DE HIDALGO,0.86393485833,Medio
ALVARO OBREGON,FLOR DE MARIA,0.9263724,Alto
ALVARO OBREGON,FLORIDA,0.95291456429, Muy Alto
ALVARO OBREGON,FRANCISCO VILLA,0.8101068,Bajo
ALVARO OBREGON,GALEANA,0.76512911429,Muy Bajo
ALVARO OBREGON,GARCIMARRERO,0.82688226,Bajo
ALVARO OBREGON,GARCIMARRERO NORTE,0.83215250333,Bajo
ALVARO OBREGON,GARCIMARRERO REACOMODO,0.75091906,Muy Bajo
ALVARO OBREGON,GOLONDRINAS,0.77927310968,Bajo
ALVARO OBREGON,GOLONDRINAS 1RA SECCION,0.75454835882,Muy Bajo
ALVARO OBREGON,GOLONDRINAS 2DA SECCION,0.76391864762,Muy Bajo
ALVARO OBREGON,GRAL A ROSALES,0.8405343,Medio
ALVARO OBREGON,GRAL C  A  MADRAZO,0.78492441818,Bajo
ALVARO OBREGON,GUADALUPE INN,0.95632295476, Muy Alto
ALVARO OBREGON,HERON PROAL,0.85876445789,Medio
ALVARO OBREGON,HOGAR Y REDENCION,0.82836773158,Bajo
ALVARO OBREGON,ISIDRO FABELA,0.8489212,Medio
ALVARO OBREGON,JALALPA,0.76166954444,Muy Bajo
ALVARO OBREGON,JALALPA EL GRANDE,0.78653844545,Bajo
ALVARO OBREGON,JALALPA TEPITO,0.7850828375,Bajo
ALVARO OBREGON,JARDINES DEL PEDREGAL,0.97116011031, Muy Alto
ALVARO OBREGON,JOSE MARIA PINO SUAREZ,0.79066289,Bajo
ALVARO OBREGON,JURISTAS,0.81644293333,Bajo
ALVARO OBREGON,LA ANGOSTURA,0.83661806,Medio
ALVARO OBREGON,LA ARA├æA,0.78970828182,Bajo
ALVARO OBREGON,LA CA├æADA,0.77683679655,Muy Bajo
ALVARO OBREGON,LA CASCADA,0.85446906071,Medio
ALVARO OBREGON,LA CEBADA (AMPL),0.82592977778,Bajo
ALVARO OBREGON,LA CONCHITA,0.83529287037,Medio
ALVARO OBREGON,LA HERRADURA,0.819261475,Bajo
ALVARO OBREGON,LA HUERTA,0.8176536,Bajo
ALVARO OBREGON,LA JOYA,0.778832125,Bajo
ALVARO OBREGON,LA LOMA,0.92168528696,Alto
ALVARO OBREGON,LA MARTINICA,0.871689264,Medio
ALVARO OBREGON,LA MEXICANA,0.80883873636,Bajo
ALVARO OBREGON,LA MILAGROSA,0.83327693333,Medio
ALVARO OBREGON,LA OTRA BANDA,0.92396085,Alto
ALVARO OBREGON,LA PALMITA,0.77897111,Bajo
ALVARO OBREGON,LA PERA XOCHINAHUAC (U HAB),0.89982535,Alto
ALVARO OBREGON,LA PRESA,0.78512286,Bajo
ALVARO OBREGON,LA PRESA SECCION HORNOS,0.70613587,Muy Bajo
ALVARO OBREGON,LADERA GRANDE O LA CEBADITA,0.83055502,Bajo
ALVARO OBREGON,LAS AGUILAS,0.91552092,Alto
ALVARO OBREGON,LAS AGUILAS (AMPL),0.847543295,Medio
ALVARO OBREGON,LAS AGUILAS SECC HORNOS,0.74053463571,Muy Bajo
ALVARO OBREGON,LAS CUEVITAS,0.9069641,Alto
ALVARO OBREGON,LAS PALMAS,0.85850252,Medio
ALVARO OBREGON,LIBERACION PROLETARIA,0.78107766842,Bajo
ALVARO OBREGON,LIBERALES DE 1857,0.8492105973,Medio
ALVARO OBREGON,LLANO REDONDO,0.89100938,Alto
ALVARO OBREGON,LOMAS DE AXOMIATLA,0.95562411875, Muy Alto
ALVARO OBREGON,LOMAS DE BECERRA,0.76915325114,Muy Bajo
ALVARO OBREGON,LOMAS DE BECERRA (U HAB),0.95364082571, Muy Alto
ALVARO OBREGON,LOMAS DE BECERRA ARVIDE (U HAB),0.8947868,Alto
ALVARO OBREGON,LOMAS DE CAPULA,0.83346907442,Medio
ALVARO OBREGON,LOMAS DE CAPULIN,0.78969551,Bajo
ALVARO OBREGON,LOMAS DE CENTENARIO (U HAB),0.91216165333,Alto
ALVARO OBREGON,LOMAS DE CHAMONTOYA,0.77895713548,Bajo
ALVARO OBREGON,LOMAS DE GUADALUPE,0.94637679167, Muy Alto
ALVARO OBREGON,LOMAS DE LA ERA,0.79354137875,Bajo
ALVARO OBREGON,LOMAS DE LAS AGUILAS,0.95373751667, Muy Alto
ALVARO OBREGON,LOMAS DE LOS ANGELES TETELPAN,0.80831019333,Bajo
ALVARO OBREGON,LOMAS DE LOS CEDROS,0.78244692069,Bajo
ALVARO OBREGON,LOMAS DE NUEVO MEXICO,0.83563325,Medio
ALVARO OBREGON,LOMAS DE PUERTA GRANDE,0.81397958889,Bajo
ALVARO OBREGON,LOMAS DE SAN ANGEL INN,0.955580424, Muy Alto
ALVARO OBREGON,LOMAS DE SANTA FE,0.94664975, Muy Alto
ALVARO OBREGON,LOMAS DE SANTO DOMINGO,0.81792454,Bajo
ALVARO OBREGON,LOMAS DE SANTO DOMINGO (AMPL),0.79015655,Bajo
ALVARO OBREGON,LOMAS DE TARANGO,0.908584295,Alto
ALVARO OBREGON,LOMAS DE TETELPAN,0.948565125, Muy Alto
ALVARO OBREGON,LORETO,0.91278803,Alto
ALVARO OBREGON,LOS CEDROS,0.7947266,Bajo
ALVARO OBREGON,LOS GAMITOS,0.8200795,Bajo
ALVARO OBREGON,MARGARITA M DE JUAREZ,0.82758048,Bajo
ALVARO OBREGON,MARIA G DE GARCIA RUIZ,0.85164940909,Medio
ALVARO OBREGON,MARTIRES DE TACUBAYA,0.82171576,Bajo
ALVARO OBREGON,MERCED GOMEZ,0.9068120679,Alto
ALVARO OBREGON,METROPOLITANO (U HAB),0.9174226,Alto
ALVARO OBREGON,MIGUEL GAONA ARMENTA,0.74450208077,Muy Bajo
ALVARO OBREGON,MIGUEL HIDALGO,0.88691106667,Alto
ALVARO OBREGON,MILPA DEL CEDRO,0.84371664,Medio
ALVARO OBREGON,MINAS DE CRISTO,0.80656223333,Bajo
ALVARO OBREGON,MOLINO DE ROSAS,0.88266272958,Alto
ALVARO OBREGON,MOLINO DE ROSAS (AMPL),0.86239637,Medio
ALVARO OBREGON,MOLINO DE SANTO DOMINGO,0.85901252927,Medio
ALVARO OBREGON,MOLINO DE SANTO DOMINGO (U HAB),0.89636822353,Alto
ALVARO OBREGON,OCHO DE AGOSTO,0.77293842857,Muy Bajo
ALVARO OBREGON,OCOTILLOS,0.77420692,Muy Bajo
ALVARO OBREGON,OLIVAR DE LOS PADRES,0.89512059048,Alto
ALVARO OBREGON,PALMAS,0.81423717895,Bajo
ALVARO OBREGON,PALMAS AXOTITLA,0.77846256923,Bajo
ALVARO OBREGON,PARAJE EL CABALLITO,0.75203057647,Muy Bajo
ALVARO OBREGON,PARQUE RESIDENCIAL SAN ANTONIO (U HAB),0.94446182727, Muy Alto
ALVARO OBREGON,PASEO DE LAS LOMAS-SAN GABRIEL,0.93533694286, Muy Alto
ALVARO OBREGON,PILOTO (ADOLFO LOPEZ MATEOS),0.85948228333,Medio
ALVARO OBREGON,PILOTO (ADOLFO LOPEZ MATEOS) (AMPL),0.83070735862,Bajo
ALVARO OBREGON,PODER POPULAR,0.86099043333,Medio
ALVARO OBREGON,POLVORA,0.81194930769,Bajo
ALVARO OBREGON,PONCIANO ARRIAGA,0.8303666,Bajo
ALVARO OBREGON,PRADOS LA PROVIDENCIA,0.82075781111,Bajo
ALVARO OBREGON,PRESIDENTES,0.86762921212,Medio
ALVARO OBREGON,PRESIDENTES 1RA (AMPL),0.86853006111,Medio
ALVARO OBREGON,PRESIDENTES 2DA (AMPL),0.81620132727,Bajo
ALVARO OBREGON,PRIVADA CENTENARIO,0.84036721111,Medio
ALVARO OBREGON,PROF JOSE ARTURO LOPEZ,0.86143445238,Medio
ALVARO OBREGON,PROGRESO TIZAPAN,0.88083,Medio
ALVARO OBREGON,PUEBLO NUEVO,0.7981024,Bajo
ALVARO OBREGON,PUENTE COLORADO,0.82111840556,Bajo
ALVARO OBREGON,PUENTE COLORADO (AMPL),0.82264260588,Bajo
ALVARO OBREGON,PUNTA DE CEHUAYO,0.79189614211,Bajo
ALVARO OBREGON,REACOMODO EL CUERNITO,0.790761475,Bajo
ALVARO OBREGON,REACOMODO PINO SUAREZ,0.81673333,Bajo
ALVARO OBREGON,REAL DEL MONTE,0.81667048333,Bajo
ALVARO OBREGON,RINCON DE LA BOLSA,0.823539845,Bajo
ALVARO OBREGON,SAN ANGEL,0.94012621818, Muy Alto
ALVARO OBREGON,SAN ANGEL INN,0.97424317586, Muy Alto
ALVARO OBREGON,SAN BARTOLO AMEYALCO (PBLO),0.81836234762,Bajo
ALVARO OBREGON,SAN CLEMENTE,0.83093462174,Bajo
ALVARO OBREGON,SAN GABRIEL,0.93533694286,Muy Alto
ALVARO OBREGON,SAN PEDRO DE LOS PINOS,0.79458536667,Bajo
ALVARO OBREGON,SANTA FE,0.86010755952,Medio
ALVARO OBREGON,SANTA FE (U HAB),0.91269556869,Alto
ALVARO OBREGON,SANTA LUCIA,0.85487390526,Medio
ALVARO OBREGON,SANTA LUCIA REACOMODO,0.8460403,Medio
ALVARO OBREGON,SANTA LUCIA (PBLO),0.82941732727,Bajo
ALVARO OBREGON,SANTA MARIA NONOALCO,0.88992825263,Alto
ALVARO OBREGON,SANTA ROSA XOCHIAC (PBLO),0.8193912329,Bajo
ALVARO OBREGON,SEARS ROEBUCK (U HAB),0.95000926, Muy Alto
ALVARO OBREGON,TARANGO (U HAB),0.952504025, Muy Alto
ALVARO OBREGON,TECOLALCO,0.78982574444,Bajo
ALVARO OBREGON,TEJOCOTE,0.7395548,Muy Bajo
ALVARO OBREGON,TEPEACA,0.80261737143,Bajo
ALVARO OBREGON,TEPEACA (AMPL),0.85735260909,Medio
ALVARO OBREGON,TEPOPOTLA,0.8371793,Medio
ALVARO OBREGON,TETELPAN,0.84381369524,Medio
ALVARO OBREGON,TETELPAN (PBLO),0.84447559091,Medio
ALVARO OBREGON,TETLALPAN,0.82771183333,Bajo
ALVARO OBREGON,TIZAMPAMPANO,0.809838425,Bajo
ALVARO OBREGON,TIZAPAN_TIZAPAN SAN ANGEL,0.91666384655,Alto
ALVARO OBREGON,TLACOPAC,0.95605933, Muy Alto
ALVARO OBREGON,TLACOYAQUE,0.81875389231,Bajo
ALVARO OBREGON,TLACOYAQUE (AMPL),0.78079587826,Bajo
ALVARO OBREGON,TLACOYAQUE (BARR),0.81726083333,Bajo
ALVARO OBREGON,TLACUITLAPA,0.91797058125,Alto
ALVARO OBREGON,TLACUITLAPA 2DO REACOMODO (AMPL),0.81890477812,Bajo
ALVARO OBREGON,TLAPECHICO,0.79347884074,Bajo
ALVARO OBREGON,TOLTECA,0.89144741667,Alto
ALVARO OBREGON,TORRES DE MIXCOAC (U HAB),0.97141829375, Muy Alto
ALVARO OBREGON,TORRES DE POTRERO,0.805121414,Bajo
ALVARO OBREGON,TORRES SAN ANTONIO (U HAB),0.935274575, Muy Alto
ALVARO OBREGON,TORRES SAN PEDRO (U HAB),0.94707344, Muy Alto
ALVARO OBREGON,BELEN DE LAS FLORES (U HAB),0.92075332076,Alto
ALVARO OBREGON,UNIDAD POPULAR TEPEACA,0.77269588571,Muy Bajo
ALVARO OBREGON,UNION OLIVOS,0.84297958,Medio
ALVARO OBREGON,UNION POPULAR EMILIANO ZAPATA (U HAB),0.87609699189,Medio
ALVARO OBREGON,VALENTIN GOMEZ FARIAS,0.86572747727,Medio
ALVARO OBREGON,VILLA PROGRESISTA,0.81774694167,Bajo
ALVARO OBREGON,VILLA SOLIDARIDAD,0.73899555,Muy Bajo
ALVARO OBREGON,VILLA VERDUN,0.93600738235, Muy Alto
ALVARO OBREGON,ZENON DELGADO,0.81308089474,Bajo
ALVARO OBREGON,ZOTOLTITLA,0.78157803333,Bajo
ALVARO OBREGON,19 DE MAYO,0.82941732727,Bajo
ALVARO OBREGON,1RA VICTORIA,0.80005208125,Bajo
ALVARO OBREGON,1RA VICTORIA SECCION BOSQUES,0.8446018,Medio
ALVARO OBREGON,26 DE JULIO,0.70331231429,Muy Bajo
ALVARO OBREGON,2DA EL PIRUL (AMPL),0.85204413333,Medio
ALVARO OBREGON,2DA  JALALPA TEPITO (AMPL),0.7595773275,Muy Bajo
ALVARO OBREGON,ESTADO DE HIDALGO_,0.82731245714,Bajo
ALVARO OBREGON,LOMAS DE SANTA FE II,0.92258512727,Alto
ALVARO OBREGON,BELEN DE LAS FLORES_,0.91216165333,Alto
ALVARO OBREGON,LOMAS DE PLATEROS (U HAB) I,0.93204469136,Alto
ALVARO OBREGON,LOMAS DE PLATEROS (U HAB) II,0.93270500484,Alto
ALVARO OBREGON,OLIVAR DEL CONDE 1RA SECCION I,0.81989283396,Bajo
ALVARO OBREGON,OLIVAR DEL CONDE 1RA SECCION II,0.79714768936,Bajo
ALVARO OBREGON,OLIVAR DEL CONDE 2DA SECCION I,0.83064971379,Bajo
ALVARO OBREGON,OLIVAR DEL CONDE 2DA SECCION II,0.80346306154,Bajo
ALVARO OBREGON,SANTA FE KM 8.5,0.84140456667,Medio
ALVARO OBREGON,PREDIO LA ANGOSTURA,0.7594700625,Muy Bajo
ALVARO OBREGON,RESIDENCIAL MARIA ISABEL,0.89512059048,Alto
ALVARO OBREGON,RESIDENCIAL LOS PINOS (U HAB),0.95847595, Muy Alto
,,,
TLAHUAC,AGRICOLA METROPOLITANA,0.80260908367,Bajo
TLAHUAC,DEL MAR NORTE,0.81534339697,Bajo
TLAHUAC,DEL MAR SUR,0.83316703409,Medio
TLAHUAC,EL MIRADOR - SANTA CATARINA,0.7497158,Muy Bajo
TLAHUAC,EL ROSARIO,0.78055243571,Bajo
TLAHUAC,EL TRIANGULO,0.69767357714,Muy Bajo
TLAHUAC,EMILIANO ZAPATA 1A,0.78787395625,Bajo
TLAHUAC,EMILIANO ZAPATA 2A,0.787523205,Bajo
TLAHUAC,FRANCISCO VILLA,0.80325972,Bajo
TLAHUAC,GRANJAS CABRERA,0.84375045294,Medio
TLAHUAC,JAIME TORRES BODET,0.79189751765,Bajo
TLAHUAC,JARDINES DEL LLANO-U.H. VILLA TLATEMPA,0.83054268077,Bajo
TLAHUAC,LA DRAGA,0.8607466425,Medio
TLAHUAC,LA ESTACION,0.7464835413,Muy Bajo
TLAHUAC,LA HABANA,0.79147857333,Bajo
TLAHUAC,LA JOYITA,0.84649735714,Medio
TLAHUAC,LA MESA,0.85013625,Medio
TLAHUAC,LA NOPALERA,0.85007191884,Medio
TLAHUAC,LA TURBA,0.843617585,Medio
TLAHUAC,LAS ARBOLEDAS,0.84755993788,Medio
TLAHUAC,LOPEZ PORTILLO,0.69347591538,Muy Bajo
TLAHUAC,LOS OLIVOS,0.83418277015,Medio
TLAHUAC,MIGUEL HIDALGO,0.833670635,Medio
TLAHUAC,MIGUEL HIDALGO OTE,0.85442779406,Medio
TLAHUAC,OJO DE AGUA,0.819730072,Bajo
TLAHUAC,PARAISO SANTA CATARINA,0.67631839474,Muy Bajo
TLAHUAC,PE├æA ALTA,0.8013028439,Bajo
TLAHUAC,QUIAHUATLA,0.79808646,Bajo
TLAHUAC,SAN ANDRES MIXQUIC (PBLO),0.79510957,Bajo
TLAHUAC,SAN FRANCISCO TLALTENCO (PBLO),0.81861390076,Bajo
TLAHUAC,SAN JOSE,0.84355571368,Medio
TLAHUAC,SAN JUAN IXTAYOPAN (PBLO),0.821233232,Bajo
TLAHUAC,SAN MIGUEL (AMPL),0.7433898,Muy Bajo
TLAHUAC,SAN MIGUEL ZAPOTITLA,0.8154097531,Bajo
TLAHUAC,SAN NICOLAS TETELCO (PBLO),0.79134602973,Bajo
TLAHUAC,SAN PEDRO TLAHUAC (PBLO),0.83610674017,Medio
TLAHUAC,SANTA CATARINA (AMPL),0.74380654186,Muy Bajo
TLAHUAC,SANTA CATARINA YECAHUIZOTL (PBLO),0.79097701207,Bajo
TLAHUAC,SANTA CECILIA,0.85207785714,Medio
TLAHUAC,SANTIAGO ZAPOTITLAN (PBLO),0.81456753279,Bajo
TLAHUAC,SELENE (AMPL),0.78975662,Bajo
TLAHUAC,SELENE 1a SECC,0.81001082676,Bajo
TLAHUAC,SELENE 2da SECC,0.81827057969,Bajo
TLAHUAC,TEOZOMA,0.77795965,Muy Bajo
TLAHUAC,TEPANTITLAMILCO,0.8015081,Bajo
TLAHUAC,TEZONTITLA-ZOMPANTITLA,0.832432425,Medio
TLAHUAC,TIERRA BLANCA,0.78855911905,Bajo
TLAHUAC,TIERRA Y LIBERTAD,0.80966868461,Bajo
TLAHUAC,VILLA CENTROAMERICANA (U HAB),0.90393595161,Alto
TLAHUAC,VILLAS DE LOS TRABAJADORES (GDF) (U HAB),0.90512386333,Alto
TLAHUAC,3 DE MAYO,0.81455923636,Bajo
TLAHUAC,UNIDADES HABITACIONALES DE SANTA ANA PONIENTE I,0.85903858529,Medio
TLAHUAC,LA CONCHITA I,0.78966363158,Bajo
TLAHUAC,LA CONCHITA II,0.78339851381,Bajo
TLAHUAC,UNIDADES HABITACIONALES DE SANTA ANA PONIENTE II,0.84583642721,Medio
TLAHUAC,ATOTOLCO,0.71876470714,Muy Bajo
TLAHUAC,CUITLAHUAC,0.77802595833,Muy Bajo
TLAHUAC,TEMPILULI,0.70820776071,Muy Bajo
TLAHUAC,OLIVAR SANTA MARIA,0.78297445,Bajo
TLALPAN,AHUACATITLA,0.73144476,Muy Bajo
TLALPAN,AMPLIACION MIGUEL HIDALGO 2A SECC,0.87059300957,Medio
TLALPAN,AMPLIACION MIGUEL HIDALGO 3A SECC,0.84850433214,Medio
TLALPAN,AMPLIACION MIGUEL HIDALGO 4A SECC,0.86053233125,Medio
TLALPAN,AMSA,0.92084912174,Alto
TLALPAN,ARBOLEDAS DEL SUR,0.88528117647,Alto
TLALPAN,ARENAL GUADALUPE TLALPAN,0.87132914167,Medio
TLALPAN,ARENAL PUERTA TEPEPAN,0.90616387778,Alto
TLALPAN,ATOCPA SUR,0.73542966667,Muy Bajo
TLALPAN,"AYOCATITLA,  ASUNCI├ôN",0.67406632667,Muy Bajo
TLALPAN,BELVEDERE,0.781147396,Bajo
TLALPAN,BOSQUE DE TEPEXIMILPA,0.80135287333,Bajo
TLALPAN,BOSQUES DEL PEDREGAL,0.76619028718,Muy Bajo
TLALPAN,CALVARIO CAMISETAS,0.86533,Medio
TLALPAN,CANTERA PUENTE DE PIEDRA,0.819422284,Bajo
TLALPAN,CHICHICASPATL,0.79334990667,Bajo
TLALPAN,CHIMALCOYOC,0.92347435106,Alto
TLALPAN,CHIMILLI,0.8105515875,Bajo
TLALPAN,CLUB DE GOLF MEXICO-SAN BUENAVENTURA,0.96465435217, Muy Alto
TLALPAN,COAPA 2A SECCION-RAMOS MILLAN,0.95642456667, Muy Alto
TLALPAN,COLINAS DEL BOSQUE-LAS TORTOLAS,0.95536040909, Muy Alto
TLALPAN,CONDOMINIO DEL BOSQUE (FRACC)-BOSQUE DE TLALPAN,0.97723338182, Muy Alto
TLALPAN,CONJUNTO URBANO CUEMANCO (U HAB),0.93189426774,Alto
TLALPAN,CRUZ DEL FAROL,0.81753890667,Bajo
TLALPAN,CUCHILLA DE PADIERNA,0.81871165313,Bajo
TLALPAN,CUILOTEPEC II,0.77685266,Muy Bajo
TLALPAN,CULTURA MAYA,0.80315947778,Bajo
TLALPAN,DIAMANTE,0.82867137143,Bajo
TLALPAN,DOLORES TLALI,0.81300832857,Bajo
TLALPAN,EJIDOS DE SAN PEDRO MARTIR I (NORTE),0.84323643636,Medio
TLALPAN,EL ARENAL,0.75156091667,Muy Bajo
TLALPAN,EL DIVISADERO,0.814310025,Bajo
TLALPAN,EL ZACATON,0.733135712,Muy Bajo
TLALPAN,EMILIO PORTES GIL PEMEX PICACHO (U HAB),0.95583483818, Muy Alto
TLALPAN,EX HACIENDA SAN JUAN DE DIOS,0.825907095,Bajo
TLALPAN,FLORESTA-PRADO-VERGEL COAPA,0.95357311935, Muy Alto
TLALPAN,UNIDADES HABITACIONALES DE TENORIOS,0.91699830357,Alto
TLALPAN,FOVISSSTE SAN PEDRO MARTIR ( U HAB),0.94702356429, Muy Alto
TLALPAN,FRESNO,0.78084828182,Bajo
TLALPAN,FUENTES BROTANTES MIGUEL HIDALGO (U HAB),0.93644600333, Muy Alto
TLALPAN,FUENTES Y PEDREGAL DE TEPEPAN,0.90047105714,Alto
TLALPAN,FUENTES DEL PEDREGAL,0.961032472, Muy Alto
TLALPAN,GRANJAS COAPA,0.93806845588, Muy Alto
TLALPAN,GRANJAS COAPA ORIENTE,0.9274285,Alto
TLALPAN,HACIENDA SAN JUAN-RINCON DE SAN JUAN-CHIMALI,0.95776308095, Muy Alto
TLALPAN,HEROES DE 1910,0.78276373571,Bajo
TLALPAN,HUESO PERIFERICO-ISSSFAM NO. 7 (U HABS),0.94830098205, Muy Alto
TLALPAN,IGNACIO CHAVEZ (U HAB),0.938560425, Muy Alto
TLALPAN,ISIDRO FABELA I (PONIENTE),0.835213372,Medio
TLALPAN,ISIDRO  FABELA (AMPL),0.81369323333,Bajo
TLALPAN,ISSSFAM No. 1 (U HAB)-VILLA TLALPAN,0.95969232174, Muy Alto
TLALPAN,JARDINES COAPA-BELISARIO DOMINGUEZ,0.96389800571, Muy Alto
TLALPAN,JARDINES DE SAN JUAN,0.69531210562,Muy Bajo
TLALPAN,JARDINES DEL AJUSCO,0.93148604086,Alto
TLALPAN,JARDINES EN LA MONTA├æA,0.96959138378, Muy Alto
TLALPAN,JUVENTUD UNIDA,0.86199272222,Medio
TLALPAN,BARRIO LA  LONJA,0.87833866667,Medio
TLALPAN,LA FAMA,0.87333105,Medio
TLALPAN,LA GUADALUPANA,0.70276675,Muy Bajo
TLALPAN,LA JOYA,0.9364057, Muy Alto
TLALPAN,LA LIBERTAD - IXTLAHUACA,0.7431626125,Muy Bajo
TLALPAN,LA MAGDALENA PETLACALCO (PBLO),0.70664366275,Muy Bajo
TLALPAN,LA PALMA,0.83217648,Bajo
TLALPAN,LA PRIMAVERA,0.84263743846,Medio
TLALPAN,LA TORTUGA XOLALPA-HCO COLEGIO MILITAR,0.93848380526, Muy Alto
TLALPAN,LOMAS ALTAS DE PADIERNA SUR,0.80626431111,Bajo
TLALPAN,LOMAS DE CUILOTEPEC,0.77117131818,Muy Bajo
TLALPAN,AMPLIACION LOMAS DE PADIERNA,0.8623954,Medio
TLALPAN,LOMAS DE TEXCALATLACO,0.8219678,Bajo
TLALPAN,LOMAS DEL PEDREGAL,0.87505544286,Medio
TLALPAN,LOMAS HIDALGO,0.84406282381,Medio
TLALPAN,LOS  ENCINOS,0.83329374,Medio
TLALPAN,LOS PASTORES,0.816458925,Bajo
TLALPAN,LOS VOLCANES,0.84460198065,Medio
TLALPAN,MA ESTHER ZUNO DE ECHEVERRIA-TLALPUENTE,0.84979653077,Medio
TLALPAN,COAPA-VILLA CUEMANCO,0.9400655, Muy Alto
TLALPAN,"MESA LOS HORNOS, TEXCALTENCO",0.7880137375,Bajo
TLALPAN,MIGUEL HIDALGO,0.86236776812,Medio
TLALPAN,MIRADOR 1A SECC,0.8836210625,Alto
TLALPAN,MIRADOR 2A y 3A SECC,0.860811,Medio
TLALPAN,MIRADOR DEL VALLE,0.84511798571,Medio
TLALPAN,MIRADOR I,0.86853394,Medio
TLALPAN,MIRADOR II,0.79000519429,Bajo
TLALPAN,MOVIMIENTO ORGANIZADO DE TLALPAN-EL MIRADOR (RNCDA),0.84104645556,Medio
TLALPAN,NARCISO MENDOZA-VILLA COAPA SUPER MANZANA 1 (U HAB),0.94646524359, Muy Alto
TLALPAN,NARCISO MENDOZA-VILLA COAPA SUPER MANZANA 2 (U HAB),0.93944096977, Muy Alto
TLALPAN,NARCISO MENDOZA-VILLA COAPA SUPER MANZANA 3 (U HAB),0.9464655902, Muy Alto
TLALPAN,NARCISO MENDOZA-VILLA COAPA SUPER MANZANA 6 (U HAB),0.93861964595, Muy Alto
TLALPAN,NARCISO MENDOZA-VILLA COAPA SUPER MANZANA 7 (U HAB),0.94469303953, Muy Alto
TLALPAN,NI├æO JESUS (BARR),0.92008114444,Alto
TLALPAN,NUEVA ORIENTAL COAPA-EX HACIENDA COAPA,0.949277728, Muy Alto
TLALPAN,NUEVO RENACIMIENTO DE AXALCO,0.87033538571,Medio
TLALPAN,OCOTLA - OCOTLA CHICO,0.68740257143,Muy Bajo
TLALPAN,ORIENTE (AMPL),0.8652189,Medio
TLALPAN,PARAJE 38,0.77939467778,Bajo
TLALPAN,PARQUES DEL PEDREGAL,0.97294236667, Muy Alto
TLALPAN,PARRES EL GUARDA (PBLO),0.73152223333,Muy Bajo
TLALPAN,PEDREGAL DE LAS AGUILAS,0.87377551667,Medio
TLALPAN,PEDREGAL DE SN NICOLAS 1A SECC,0.81509836833,Bajo
TLALPAN,PEDREGAL DE SN NICOLAS 2A SECC,0.84024451667,Medio
TLALPAN,PEDREGAL DE SN NICOLAS 3A SECC,0.8172131554,Bajo
TLALPAN,PEDREGAL DE STA URSULA XITLA,0.83996031026,Medio
TLALPAN,PIEDRA LARGA,0.73481102479,Muy Bajo
TLALPAN,PLAN DE AYALA,0.81451143333,Bajo
TLALPAN,POPULAR STA TERESA,0.80154558056,Bajo
TLALPAN,PRADO COAPA 2A SECCION,0.94647415294, Muy Alto
TLALPAN,PRADO COAPA 3A SECCION-POTRERO ACOXPA,0.956784236, Muy Alto
TLALPAN,PROGRESO TLALPAN,0.84439786,Medio
TLALPAN,PUEBLO QUIETO,0.83476442222,Medio
TLALPAN,RANCHO LOS COLORINES (FRACC),0.96637096667, Muy Alto
TLALPAN,REAL DEL SUR-VILLAS DEL SUR-RESIDENCIAL ACOXPA,0.96068227368, Muy Alto
TLALPAN,RESIDENCIAL INSURGENTES SUR (U HAB),0.94736111667, Muy Alto
TLALPAN,RINCON LAS HADAS-VILLA ROYALE-FUENTES Y ARCONADA COAPA,0.95633882857, Muy Alto
TLALPAN,RINCONADA (U HAB),0.94017574, Muy Alto
TLALPAN,ROCA DE CRISTAL,0.82287095,Bajo
TLALPAN,ROMULO SANCHEZ-SAN FERNANDO (BARR)-PE├æA POBRE,0.88586988636,Alto
TLALPAN,SAN ANDRES TOTOLTEPEC (PBLO),0.8108949813,Bajo
TLALPAN,SAN BARTOLO EL CHICO,0.86726856667,Medio
TLALPAN,SN JUAN TEPEXIMILPA,0.83151574167,Bajo
TLALPAN,SN JUAN  TEPEXIMILPA (AMPL),0.800481125,Bajo
TLALPAN,SAN LORENZO HUIPULCO,0.91755483276,Alto
TLALPAN,SAN MIGUEL  XICALCO (PBLO),0.747964825,Muy Bajo
TLALPAN,SAN MIGUEL AJUSCO (PBLO),0.74495856214,Muy Bajo
TLALPAN,SAN MIGUEL TEHUISCO-LOS ANGELES-AYOMETITLA,0.7604362375,Muy Bajo
TLALPAN,SAN MIGUEL TOPILEJO (PBLO),0.73481102479,Muy Bajo
TLALPAN,SAN NICOLAS II,0.79203211395,Bajo
TLALPAN,SAN PEDRO APOSTOL (BARR),0.8668097,Medio
TLALPAN,SAN PEDRO MARTIR (PBLO),0.83411154098,Medio
TLALPAN,SANTA URSULA XITLA,0.88818047105,Alto
TLALPAN,SANTISIMA TRINIDAD,0.8139555875,Bajo
TLALPAN,SANTO TOMAS AJUSCO (PBLO),0.77368664545,Muy Bajo
TLALPAN,SAUZALES CEBADALES (U HAB),0.94808743333, Muy Alto
TLALPAN,SECCION XVI,0.89402095625,Alto
TLALPAN,SOLIDARIDAD,0.70149849091,Muy Bajo
TLALPAN,TECORRAL,0.79111625714,Bajo
TLALPAN,TENORIOS INFONAVIT 1 Y 2 (U HAB),0.94689299375, Muy Alto
TLALPAN,TEPETLICA EL ALTO-3 DE MAYO,0.69694905,Muy Bajo
TLALPAN,TEPETONGO,0.82030213333,Bajo
TLALPAN,TETENCO (PJE),0.92390705,Alto
TLALPAN,TEZONTITLA,0.75915776667,Muy Bajo
TLALPAN,TEZONTITLA - EL CALVARIO (AMPL),0.69481436,Muy Bajo
TLALPAN,TLALCOLIGIA,0.83993098611,Medio
TLALPAN,TLALMILLE,0.7605789931,Muy Bajo
TLALPAN,TLALPAN CENTRO,0.91348868308,Alto
TLALPAN,TORIELLO GUERRA,0.92832088929,Alto
TLALPAN,TORRES DE PADIERNA,0.7914014,Bajo
TLALPAN,TRES FUENTES (U HAB),0.95305935937, Muy Alto
TLALPAN,VALLE DE TEPEPAN,0.92290009167,Alto
TLALPAN,VALLE ESCONDIDO,0.92989622609,Alto
TLALPAN,VALLE VERDE,0.82133368333,Bajo
TLALPAN,VERANO,0.7980529,Bajo
TLALPAN,VERGEL DE COYOACAN-VERGEL DEL SUR,0.96039514, Muy Alto
TLALPAN,VILLA COAPA (RDCIAL),0.94789727143, Muy Alto
TLALPAN,VILLA DEL PUENTE FOVISSSTE  (U HAB),0.95614796667, Muy Alto
TLALPAN,VILLA LAZARO CARDENAS,0.91399609444,Alto
TLALPAN,VILLA OLIMPICA LIBERADOR MIGUEL HIDALGO (U HAB),0.96549201875, Muy Alto
TLALPAN,VISTAS DEL PEDREGAL,0.75063518,Muy Bajo
TLALPAN,VIVEROS DE COACTETLAN,0.81602200769,Bajo
TLALPAN,XAXALCO,0.71570675714,Muy Bajo
TLALPAN,XAXALIPAC,0.67826196667,Muy Bajo
TLALPAN,ZACATIENDA,0.84787001667,Medio
TLALPAN,ZAPOTE-LUIS DONALDO COLOSIO (U HABS),0.83930249697,Medio
TLALPAN,2 DE OCTUBRE,0.77860997188,Bajo
TLALPAN,SAN MIGUEL TOXIAC,0.7846918,Bajo
TLALPAN,HEROES DE PADIERNA I,0.86384644079,Medio
TLALPAN,HEROES DE PADIERNA II,0.87583294197,Medio
TLALPAN,LOMAS DE  PADIERNA I,0.84930272609,Medio
TLALPAN,LOMAS DE  PADIERNA II,0.86079188261,Medio
TLALPAN,PEDREGAL DE SN NICOLAS 4A SECC I,0.78430703889,Bajo
TLALPAN,PEDREGAL DE SN NICOLAS 4A SECC II,0.83939911746,Medio
TLALPAN,BELISARIO DOMINGUEZ,0.88679185556,Alto
TLALPAN,LA MAGUEYERA,0.77826285,Bajo
TLALPAN,NARCISO MENDOZA VILLA COAPA SUPERMANZANA 8 (U HAB),0.9528217, Muy Alto
TLALPAN,CONJUNTO HABITACIONAL PEDREGAL DEL LAGO,0.96126585, Muy Alto
TLALPAN,EJIDOS DE SAN PEDRO MARTIR II (SUR),0.83306298182,Medio
TLALPAN,ISIDRO FABELA II (ORIENTE),0.84166138276,Medio
TLALPAN,LOMA BONITA-AMPLIACION TEPEXIMILPA,0.7983253625,Bajo
TLALPAN,LOMAS DE TEPEMECATL,0.71666111818,Muy Bajo
TLALPAN,RESIDENCIAL FUENTES DE CANTERA (U HAB),0.95183671765, Muy Alto
,,,
,,,
,,,
XOCHIMILCO,ALTOS TEPETLICA,0.70380153333,Muy Bajo
XOCHIMILCO,BARRIO 18,0.93077747093,Alto
XOCHIMILCO,BELEM (BARR),0.8228643,Bajo
XOCHIMILCO,BOSQUE RESIDENCIAL DEL SUR (FRACC),0.95082752391, Muy Alto
XOCHIMILCO,SAN LORENZO,0.90423145,Alto
XOCHIMILCO,CALTONGO (BARR),0.740719442,Muy Bajo
XOCHIMILCO,CERRO GRANDE,0.8110061,Bajo
XOCHIMILCO,CRISTO REY,0.8615651,Medio
XOCHIMILCO,EL CARMEN,0.76712862,Muy Bajo
XOCHIMILCO,EL ROSARIO (BARR),0.85692957143,Medio
XOCHIMILCO,GUADALUPE,0.77151617838,Muy Bajo
XOCHIMILCO,HUICHAPAN,0.8495395625,Medio
XOCHIMILCO,JARDINES DEL SUR,0.95011521579, Muy Alto
XOCHIMILCO,JOYA DE VARGAS,0.73888431429,Muy Bajo
XOCHIMILCO,LA ASUNCION (BARR),0.78806560794,Bajo
XOCHIMILCO,LA CA├æADA,0.7444685,Muy Bajo
XOCHIMILCO,LA CEBADA,0.89038856667,Alto
XOCHIMILCO,LA CONCEPCION TLACOAPA (BARR),0.83463307838,Medio
XOCHIMILCO,LA CONCHA,0.93204689615,Alto
XOCHIMILCO,LA GUADALUPITA (BARR),0.858555425,Medio
XOCHIMILCO,LA NORIA TEPEPAN,0.92987100909,Alto
XOCHIMILCO,LA SANTISIMA (BARR),0.7699853,Muy Bajo
XOCHIMILCO,LOS CERRILLOS I,0.77793243684,Muy Bajo
XOCHIMILCO,LOS CERRILLOS II,0.7782615871,Bajo
XOCHIMILCO,LOS CERRILLOS III,0.77774522917,Muy Bajo
XOCHIMILCO,NATIVITAS,0.84488778182,Medio
XOCHIMILCO,NATIVITAS (U HAB),0.89993244,Alto
XOCHIMILCO,NATIVITAS LA JOYA (AMPL),0.71059750412,Muy Bajo
XOCHIMILCO,PASEOS DEL SUR,0.94854009444, Muy Alto
XOCHIMILCO,POTRERO DE SAN BERNARDINO,0.91389216296,Alto
XOCHIMILCO,RINCONADA DEL SUR (U HAB),0.94489768889, Muy Alto
XOCHIMILCO,SAN ANDRES AHUAYUCAN (PBLO),0.78525767403,Bajo
XOCHIMILCO,SAN ANTONIO (BARR),0.86550839444,Medio
XOCHIMILCO,SAN BARTOLO EL CHICO,0.82993605556,Bajo
XOCHIMILCO,SAN CRISTOBAL (BARR),0.85053444375,Medio
XOCHIMILCO,SAN DIEGO (BARR),0.81068926429,Bajo
XOCHIMILCO,SAN ESTEBAN (BARR),0.85762338333,Medio
XOCHIMILCO,SAN FRANCISCO CHIQUIMOLA,0.70772202222,Muy Bajo
XOCHIMILCO,SAN FRANCISCO TLALNEPANTLA (PBLO),0.74933399818,Muy Bajo
XOCHIMILCO,SAN GREGORIO ATLAPULCO (PBLO),0.76521621598,Muy Bajo
XOCHIMILCO,LAS PERITAS,0.92101634,Alto
XOCHIMILCO,SAN JOSE OBRERO,0.66714758,Muy Bajo
XOCHIMILCO,SAN JOSE ZACATEPEC,0.81001608,Bajo
XOCHIMILCO,SAN JUAN (BARR),0.87674064444,Medio
XOCHIMILCO,SAN JUAN TEPEPAN,0.9089310421,Alto
XOCHIMILCO,SAN LORENZO (BARR),0.75025451569,Muy Bajo
XOCHIMILCO,SAN LORENZO ATEMOAYA (PBLO),0.86951998333,Medio
XOCHIMILCO,SAN LUCAS XOCHIMANCA (PBLO),0.80285064444,Bajo
XOCHIMILCO,SAN LUIS TLAXIALTEMALCO (PBLO),0.79568835217,Bajo
XOCHIMILCO,SAN MARCOS (AMPL),0.75156042461,Muy Bajo
XOCHIMILCO,SAN MARCOS (BARR),0.88120215862,Medio
XOCHIMILCO,SAN MATEO XALPA (PBLO),0.81987586508,Bajo
XOCHIMILCO,SAN PEDRO (BARR),0.86463767273,Medio
XOCHIMILCO,SANTA CECILIA TEPETLAPA (PBLO),0.74966907067,Muy Bajo
XOCHIMILCO,SANTA CRUCITA (BARR),0.85003086667,Medio
XOCHIMILCO,SANTA CRUZ ACALPIXCA (PBLO),0.7961433296,Bajo
XOCHIMILCO,SANTA CRUZ CHAVARRIETA,0.7621768125,Muy Bajo
XOCHIMILCO,SANTA CRUZ XOCHITEPEC (PBLO),0.82267103036,Bajo
XOCHIMILCO,SANTA INES,0.85548275,Medio
XOCHIMILCO,SANTA MARIA NATIVITAS (PBLO),0.816798825,Bajo
XOCHIMILCO,SANTA MARIA TEPEPAN (PBLO),0.87572014655,Medio
XOCHIMILCO,SANTIAGO TEPALCATLALPAN (PBLO),0.82732172113,Bajo
XOCHIMILCO,SANTIAGO TULYEHUALCO (PBLO),0.81622834302,Bajo
XOCHIMILCO,TECACALANCO,0.70355386875,Muy Bajo
XOCHIMILCO,TEPEPAN (AMPL),0.89036065,Alto
XOCHIMILCO,TESMIC (RDCIAL),0.8918501,Alto
XOCHIMILCO,TIERRA NUEVA,0.8265646375,Bajo
XOCHIMILCO,TLAXOPAN,0.74998775,Muy Bajo
XOCHIMILCO,XALTOCAN (BARR),0.82491380513,Bajo
XOCHIMILCO,XICALHUACAN,0.71406719726,Muy Bajo
XOCHIMILCO,SAN LORENZO LA CEBADA I,0.800005575,Bajo
XOCHIMILCO,SAN LORENZO LA CEBADA II,0.87504739286,Medio
XOCHIMILCO,AZTLAN (U HAB),0.9114669,Alto
XOCHIMILCO,CANAL ONCE (U HAB),0.8936274,Alto
XOCHIMILCO,LORETO PE├æA POBRE (U HAB),0.88765767778,Alto
XOCHIMILCO,INFONAVIT PROLONGACION DIVISION DEL NORTE (U HAB),0.91754915625,Alto
XOCHIMILCO,LA NORIA,0.93348382727, Muy Alto
XOCHIMILCO,NUEVA TENOCHTITLAN (U HAB),0.8763791,Medio
XOCHIMILCO,VILLA XOCHIMILCO (U HAB),0.9253857,Alto
,,,
,,,
BENITO JUAREZ,ACACIAS,0.95619797273, Muy Alto
BENITO JUAREZ,ACTIPAN,0.9401082, Muy Alto
BENITO JUAREZ,ALBERT,0.91762189062,Alto
BENITO JUAREZ,AMERICAS UNIDAS-DEL LAGO,0.88957831,Alto
BENITO JUAREZ,NAPOLES (AMPL),0.94749560385, Muy Alto
BENITO JUAREZ,ATENOR SALAS,0.929885975,Alto
BENITO JUAREZ,CENTRO URBANO PRESIDENTE ALEMAN (U HAB),0.92318046,Alto
BENITO JUAREZ,CIUDAD DE LOS DEPORTES,0.93631339167, Muy Alto
BENITO JUAREZ,CREDITO CONSTRUCTOR,0.94468755882, Muy Alto
BENITO JUAREZ,ERMITA,0.9380462625, Muy Alto
BENITO JUAREZ,EXTREMADURA INSURGENTES,0.95461478, Muy Alto
BENITO JUAREZ,GENERAL PEDRO MARIA ANAYA,0.95568406923, Muy Alto
BENITO JUAREZ,INDEPENDENCIA,0.9164131,Alto
BENITO JUAREZ,INSURGENTES MIXCOAC,0.94820462941, Muy Alto
BENITO JUAREZ,INSURGENTES SAN BORJA,0.94019902917, Muy Alto
BENITO JUAREZ,IZTACCIHUATL,0.92274687391,Alto
BENITO JUAREZ,JOSEFA ORTIZ DE DOMINGUEZ,0.91946156667,Alto
BENITO JUAREZ,LETRAN VALLE,0.93905723636, Muy Alto
BENITO JUAREZ,MARIA DEL CARMEN,0.91831962667,Alto
BENITO JUAREZ,MERCED GOMEZ,0.9487021125, Muy Alto
BENITO JUAREZ,MIGUEL ALEMAN,0.91676508182,Alto
BENITO JUAREZ,MIRAVALLE,0.92143118333,Alto
BENITO JUAREZ,MIXCOAC,0.90372532581,Alto
BENITO JUAREZ,MODERNA,0.91129978228,Alto
BENITO JUAREZ,NAPOLES,0.94857485211, Muy Alto
BENITO JUAREZ,NATIVITAS,0.89932879481,Alto
BENITO JUAREZ,NI├æOS HEROES DE CHAPULTEPEC,0.89946672653,Alto
BENITO JUAREZ,NOCHE BUENA,0.93688090625, Muy Alto
BENITO JUAREZ,NONOALCO,0.93510809818, Muy Alto
BENITO JUAREZ,OCHO DE AGOSTO,0.87643867273,Medio
BENITO JUAREZ,PERIODISTA FRANCISCO ZARCO,0.94111100588, Muy Alto
BENITO JUAREZ,PIEDAD NARVARTE,0.92440624667,Alto
BENITO JUAREZ,PORTALES ORIENTE,0.91559534333,Alto
BENITO JUAREZ,POSTAL,0.92497484667,Alto
BENITO JUAREZ,RESIDENCIAL EMPERADORES,0.95089345833, Muy Alto
BENITO JUAREZ,SAN JOSE INSURGENTES,0.96006176191, Muy Alto
BENITO JUAREZ,SAN JUAN,0.94322998182, Muy Alto
BENITO JUAREZ,SAN PEDRO DE LOS  PINOS,0.9414048382, Muy Alto
BENITO JUAREZ,SAN SIMON TICUMAC,0.8888760381,Alto
BENITO JUAREZ,STA CRUZ ATOYAC,0.91516718136,Alto
BENITO JUAREZ,TLACOQUEMECATL DEL VALLE,0.92651818108,Alto
BENITO JUAREZ,VERTIZ NARVARTE,0.93540713333, Muy Alto
BENITO JUAREZ,VILLA DE CORTES,0.913226365,Alto
BENITO JUAREZ,XOCO,0.92777546111,Alto
BENITO JUAREZ,ZACAHUITZCO,0.927599,Alto
BENITO JUAREZ,ALAMOS I,0.926601266,Alto
BENITO JUAREZ,ALAMOS II,0.92097562683,Alto
BENITO JUAREZ,DEL VALLE I,0.9280152551,Alto
BENITO JUAREZ,DEL VALLE II,0.94188761915, Muy Alto
BENITO JUAREZ,DEL VALLE III,0.95058764082, Muy Alto
BENITO JUAREZ,DEL VALLE IV,0.94903426757, Muy Alto
BENITO JUAREZ,DEL VALLE V,0.94952989773, Muy Alto
BENITO JUAREZ,DEL VALLE VI,0.94468665, Muy Alto
BENITO JUAREZ,DEL VALLE VII,0.94702191071, Muy Alto
BENITO JUAREZ,NARVARTE I,0.91362175965,Alto
BENITO JUAREZ,NARVARTE II,0.93794772222, Muy Alto
BENITO JUAREZ,NARVARTE III,0.91601372903,Alto
BENITO JUAREZ,NARVARTE IV,0.93552517941, Muy Alto
BENITO JUAREZ,NARVARTE V,0.94700831389, Muy Alto
BENITO JUAREZ,NARVARTE VI,0.92385694063,Alto
BENITO JUAREZ,PORTALES I,0.89941200833,Alto
BENITO JUAREZ,PORTALES II,0.932718675,Alto
BENITO JUAREZ,PORTALES III,0.93155430833,Alto
BENITO JUAREZ,PORTALES IV,0.93721731667, Muy Alto
CUAUHTEMOC,ALGARIN,0.8722471931,Medio
CUAUHTEMOC,ASTURIAS,0.86686842963,Medio
CUAUHTEMOC,ASTURIAS (AMPL),0.87563688056,Medio
CUAUHTEMOC,ATLAMPA,0.80617011475,Bajo
CUAUHTEMOC,BUENOS AIRES,0.82107791333,Bajo
CUAUHTEMOC,CONDESA,0.93840725614, Muy Alto
CUAUHTEMOC,CUAUHTEMOC,0.9362847321, Muy Alto
CUAUHTEMOC,ESPERANZA,0.84586429286,Medio
CUAUHTEMOC,EX HIPODROMO DE PERALVILLO,0.84760776148,Medio
CUAUHTEMOC,FELIPE PESCADOR,0.90305412609,Alto
CUAUHTEMOC,HIPODROMO CONDESA,0.9195732871,Alto
CUAUHTEMOC,JUAREZ,0.88111467841,Medio
CUAUHTEMOC,MAZA,0.81025977895,Bajo
CUAUHTEMOC,PAULINO NAVARRO,0.8849424907,Alto
CUAUHTEMOC,SAN SIMON TOLNAHUAC,0.87687408611,Medio
CUAUHTEMOC,SANTA MARIA (U HAB),0.8843713,Alto
CUAUHTEMOC,SANTA MARIA INSURGENTES,0.91975756,Alto
CUAUHTEMOC,TABACALERA,0.86279278437,Medio
CUAUHTEMOC,TRANSITO,0.80217720877,Bajo
CUAUHTEMOC,VALLE GOMEZ,0.80349284667,Bajo
CUAUHTEMOC,VISTA ALEGRE,0.87758334138,Medio
CUAUHTEMOC,BUENAVISTA I,0.87478839545,Medio
CUAUHTEMOC,BUENAVISTA II,0.82861421818,Bajo
CUAUHTEMOC,CENTRO I,0.73259555,Muy Bajo
CUAUHTEMOC,CENTRO II,0.71945207222,Muy Bajo
CUAUHTEMOC,CENTRO III,0.75535996667,Muy Bajo
CUAUHTEMOC,CENTRO IV,0.76922842667,Muy Bajo
CUAUHTEMOC,CENTRO V,0.7831363,Bajo
CUAUHTEMOC,CENTRO VI,0.72550054545,Muy Bajo
CUAUHTEMOC,CENTRO VII,0.68683789375,Muy Bajo
CUAUHTEMOC,CENTRO VIII,0.79289154286,Bajo
CUAUHTEMOC,DOCTORES I,0.85715168529,Medio
CUAUHTEMOC,DOCTORES II,0.9102232169,Alto
CUAUHTEMOC,DOCTORES III,0.82895961579,Bajo
CUAUHTEMOC,DOCTORES IV,0.85459108621,Medio
CUAUHTEMOC,DOCTORES V,0.78917241389,Bajo
CUAUHTEMOC,GUERRERO I,0.86227423158,Medio
CUAUHTEMOC,GUERRERO II,0.81169550882,Bajo
CUAUHTEMOC,GUERRERO III,0.82619431739,Bajo
CUAUHTEMOC,GUERRERO IV,0.81479915833,Bajo
CUAUHTEMOC,HIPODROMO I,0.91338491795,Alto
CUAUHTEMOC,HIPODROMO II,0.91871100678,Alto
CUAUHTEMOC,MORELOS I,0.77404113103,Muy Bajo
CUAUHTEMOC,MORELOS II,0.73791740571,Muy Bajo
CUAUHTEMOC,MORELOS III,0.76481258108,Muy Bajo
CUAUHTEMOC,NONOALCO-TLATELOLCO (U HAB) I,0.91889987187,Alto
CUAUHTEMOC,NONOALCO-TLATELOLCO (U HAB) II,0.93091587353,Alto
CUAUHTEMOC,NONOALCO-TLATELOLCO (U HAB) III,0.91249999412,Alto
CUAUHTEMOC,OBRERA I,0.83869739149,Medio
CUAUHTEMOC,OBRERA II,0.84234056207,Medio
CUAUHTEMOC,OBRERA III,0.83968193333,Medio
CUAUHTEMOC,OBRERA IV,0.84024260714,Medio
CUAUHTEMOC,PERALVILLO I,0.85288597727,Medio
CUAUHTEMOC,PERALVILLO II,0.83612460789,Medio
CUAUHTEMOC,ROMA NORTE I,0.89321138214,Alto
CUAUHTEMOC,ROMA NORTE II,0.90262521591,Alto
CUAUHTEMOC,ROMA NORTE III,0.89729539857,Alto
CUAUHTEMOC,ROMA SUR I,0.8965680375,Alto
CUAUHTEMOC,ROMA SUR II,0.91875174118,Alto
CUAUHTEMOC,SAN RAFAEL I,0.91201739444,Alto
CUAUHTEMOC,SAN RAFAEL II,0.90604166571,Alto
CUAUHTEMOC,SANTA MARIA LA RIBERA I,0.87360643636,Medio
CUAUHTEMOC,SANTA MARIA LA RIBERA II,0.91110625106,Alto
CUAUHTEMOC,SANTA MARIA LA RIBERA IV,0.89797188222,Alto
MIGUEL HIDALGO,AGRICULTURA,0.89090011053,Alto
MIGUEL HIDALGO,AHUEHUETES ANAHUAC,0.848984025,Medio
MIGUEL HIDALGO,AMERICA,0.83465864074,Medio
MIGUEL HIDALGO,TORRE BLANCA (AMPL),0.85002358333,Medio
MIGUEL HIDALGO,ANAHUAC DOS LAGOS,0.78782488,Bajo
MIGUEL HIDALGO,ANAHUAC LAGO NORTE,0.88840683333,Alto
MIGUEL HIDALGO,ANAHUAC LAGO SUR,0.887457975,Alto
MIGUEL HIDALGO,ANAHUAC LOS MANZANOS,0.90407151562,Alto
MIGUEL HIDALGO,ANAHUAC MARIANO ESCOBEDO,0.85896325,Medio
MIGUEL HIDALGO,ANAHUAC PERALITOS,0.85649513333,Medio
MIGUEL HIDALGO,ANGEL ZIMBRON,0.87413415,Medio
MIGUEL HIDALGO,ANZURES,0.94061810133, Muy Alto
MIGUEL HIDALGO,ARGENTINA ANTIGUA,0.86883664516,Medio
MIGUEL HIDALGO,BOSQUES DE CHAPULTEPEC (POLANCO),0.96290083929, Muy Alto
MIGUEL HIDALGO,BOSQUES DE LAS LOMAS,0.97890077368, Muy Alto
MIGUEL HIDALGO,CHAPULTEPEC MORALES (POLANCO),0.94861959189, Muy Alto
MIGUEL HIDALGO,CHAPULTEPEC POLANCO (POLANCO),0.95744162105, Muy Alto
MIGUEL HIDALGO,CUAUHTEMOC PENSIL,0.86688336667,Medio
MIGUEL HIDALGO,DANIEL GARZA,0.844831696,Medio
MIGUEL HIDALGO,DANIEL GARZA (AMPL),0.828780835,Bajo
MIGUEL HIDALGO,DEL BOSQUE (POLANCO),0.9392939, Muy Alto
MIGUEL HIDALGO,TORRES TOREO,0.94768305, Muy Alto
MIGUEL HIDALGO,DEPORTIVA PENSIL,0.86322457143,Medio
MIGUEL HIDALGO,FRANCISCO I MADERO,0.8092186875,Bajo
MIGUEL HIDALGO,GRANADA,0.92822683939,Alto
MIGUEL HIDALGO,GRANADA (AMPL),0.87603968846,Medio
MIGUEL HIDALGO,HUICHAPAN,0.845803,Medio
MIGUEL HIDALGO,IGNACIO MANUEL ALTAMIRANO,0.83999538571,Medio
MIGUEL HIDALGO,IRRIGACION,0.95522257727, Muy Alto
MIGUEL HIDALGO,LEGARIA,0.85465653158,Medio
MIGUEL HIDALGO,LEGARIA (U HAB),0.8383025775,Medio
MIGUEL HIDALGO,LOMA HERMOSA (CONJ HAB),0.93542533816, Muy Alto
MIGUEL HIDALGO,LOMAS ALTAS,0.95885176, Muy Alto
MIGUEL HIDALGO,LOMAS DE BARRILACO (LOMAS DE CHAPULTEPEC),0.97472697429, Muy Alto
MIGUEL HIDALGO,LOMAS DE BEZARES,0.97212235385, Muy Alto
MIGUEL HIDALGO,LOMAS DE CHAPULTEPEC I,0.9577453127, Muy Alto
MIGUEL HIDALGO,LOMAS DE REFORMA,0.97271638077, Muy Alto
MIGUEL HIDALGO,LOMAS DE REFORMA (LOMAS DE CHAPULTEPEC),0.97377175758, Muy Alto
MIGUEL HIDALGO,LOMAS DE SOTELO,0.94892947551, Muy Alto
MIGUEL HIDALGO,LOMAS VIRREYES (LOMAS DE CHAPULTEPEC),0.97600646349, Muy Alto
MIGUEL HIDALGO,LOS MORALES (POLANCO),0.93591064, Muy Alto
MIGUEL HIDALGO,MANUEL AVILA CAMACHO,0.98604166667, Muy Alto
MIGUEL HIDALGO,MARINA NACIONAL (U HAB),0.94008984167, Muy Alto
MIGUEL HIDALGO,MEXICO NUEVO,0.83334057143,Medio
MIGUEL HIDALGO,MILITAR 1 K LOMAS DE SOTELO (U HAB),0.96093082568, Muy Alto
MIGUEL HIDALGO,MODELO PENSIL,0.8690150625,Medio
MIGUEL HIDALGO,MOLINO DEL REY,0.9236389,Alto
MIGUEL HIDALGO,MORALES SECCION ALAMEDA (POLANCO),0.94955765714, Muy Alto
MIGUEL HIDALGO,MORALES SECCION PALMAS (POLANCO),0.8947806,Alto
MIGUEL HIDALGO,NEXTITLA,0.94331876667, Muy Alto
MIGUEL HIDALGO,NUEVA ARGENTINA (ARGENTINA PONIENTE),0.87403745313,Medio
MIGUEL HIDALGO,OBSERVATORIO,0.92442911944,Alto
MIGUEL HIDALGO,PALMITAS (POLANCO),0.9458939, Muy Alto
MIGUEL HIDALGO,PENSIL NORTE,0.8194261087,Bajo
MIGUEL HIDALGO,PENSIL SAN JUANICO,0.89348873774,Alto
MIGUEL HIDALGO,PENSIL SUR,0.8257318125,Bajo
MIGUEL HIDALGO,PERIODISTA,0.95351730667, Muy Alto
MIGUEL HIDALGO,PLUTARCO ELIAS CALLES,0.916798775,Alto
MIGUEL HIDALGO,POLANCO REFORMA (POLANCO),0.96641763415, Muy Alto
MIGUEL HIDALGO,POPO,0.85885266923,Medio
MIGUEL HIDALGO,POPO (AMPL),0.866271025,Medio
MIGUEL HIDALGO,REFORMA PENSIL,0.81998440714,Bajo
MIGUEL HIDALGO,REFORMA SOCIAL,0.87739336579,Medio
MIGUEL HIDALGO,RINCON DEL BOSQUE,0.9519139, Muy Alto
MIGUEL HIDALGO,SAN DIEGO OCOYOACAC,0.82918624687,Bajo
MIGUEL HIDALGO,SAN JOAQUIN,0.8134898,Bajo
MIGUEL HIDALGO,SAN LORENZO TLALTENANGO,0.80451926667,Bajo
MIGUEL HIDALGO,SANTO TOMAS,0.9206257,Alto
MIGUEL HIDALGO,TACUBA,0.86965407097,Medio
MIGUEL HIDALGO,TACUBAYA,0.8417855825,Medio
MIGUEL HIDALGO,TATA L├üZARO (U HAB),0.9270931,Alto
MIGUEL HIDALGO,TLAXPANA,0.85700819583,Medio
MIGUEL HIDALGO,TORRE BLANCA,0.88121924762,Medio
MIGUEL HIDALGO,UN HOGAR PARA NOSOTROS,0.94096753333, Muy Alto
MIGUEL HIDALGO,VENTURA PEREZ DE ALBA,0.8508502,Medio
MIGUEL HIDALGO,VERONICA ANZURES,0.92401624333,Alto
MIGUEL HIDALGO,10 DE ABRIL,0.821164175,Bajo
MIGUEL HIDALGO,16 DE SEPTIEMBRE,0.83978394286,Medio
MIGUEL HIDALGO,5 DE MAYO,0.848720775,Medio
MIGUEL HIDALGO,ANAHUAC I,0.91035148333,Alto
MIGUEL HIDALGO,ANAHUAC II,0.86802931351,Medio
MIGUEL HIDALGO,ESCANDON I,0.91449634324,Alto
MIGUEL HIDALGO,ESCANDON II,0.89463066604,Alto
MIGUEL HIDALGO,POPOTLA I,0.91236116207,Alto
MIGUEL HIDALGO,POPOTLA II,0.91057666176,Alto
MIGUEL HIDALGO,SAN MIGUEL CHAPULTEPEC I,0.93443455667, Muy Alto
MIGUEL HIDALGO,SAN MIGUEL CHAPULTEPEC II,0.91257203673,Alto
MIGUEL HIDALGO,LOMAS DE CHAPULTEPEC II,0.95712226222, Muy Alto
MIGUEL HIDALGO,LOMAS DE CHAPULTEPEC III,0.97821593684, Muy Alto
,,,
,,,
,,,
,,,
VENUSTIANO CARRANZA,AARON SAENZ,0.90339375,Alto
VENUSTIANO CARRANZA,ADOLFO LOPEZ MATEOS,0.84853456,Medio
VENUSTIANO CARRANZA,AERONAUTICA MILITAR,0.89461583333,Alto
VENUSTIANO CARRANZA,ALVARO OBREGON,0.88124952917,Medio
VENUSTIANO CARRANZA,AQUILES SERDAN,0.8395352339,Medio
VENUSTIANO CARRANZA,ARTES GRAFICAS,0.814568464,Bajo
VENUSTIANO CARRANZA,AVIACION CIVIL,0.82597414706,Bajo
VENUSTIANO CARRANZA,AVIACION CIVIL (AMPL),0.80403126364,Bajo
VENUSTIANO CARRANZA,AZTECA,0.83013824762,Bajo
VENUSTIANO CARRANZA,BAHIA (U HAB),0.92334478571,Alto
VENUSTIANO CARRANZA,CANDELARIA DELOS PATOS (U HAB),0.8818792,Medio
VENUSTIANO CARRANZA,CARACOL,0.83357024419,Medio
VENUSTIANO CARRANZA,CARACOL (AMPL),0.80709722692,Bajo
VENUSTIANO CARRANZA,CUATRO ARBOLES,0.87008899444,Medio
VENUSTIANO CARRANZA,CUCHILLA PANTITLAN,0.80700920213,Bajo
VENUSTIANO CARRANZA,DAMIAN CARMONA,0.7969814913,Bajo
VENUSTIANO CARRANZA,EL ARENAL 1A SECCION,0.83013771471,Bajo
VENUSTIANO CARRANZA,EL ARENAL 2A SECCION,0.82734614,Bajo
VENUSTIANO CARRANZA,EL ARENAL 3A SECCION,0.7998325,Bajo
VENUSTIANO CARRANZA,EL ARENAL 4A SECCION,0.82447834528,Bajo
VENUSTIANO CARRANZA,EL ARENAL PTO AEREO (FRACC),0.75276308647,Muy Bajo
VENUSTIANO CARRANZA,EL PARQUE,0.90652819286,Alto
VENUSTIANO CARRANZA,EMILIANO ZAPATA (U HAB),0.87770792,Medio
VENUSTIANO CARRANZA,EMILIO CARRANZA,0.809818604,Bajo
VENUSTIANO CARRANZA,FEDERAL,0.86568164118,Medio
VENUSTIANO CARRANZA,FELIPE ANGELES,0.82776861852,Bajo
VENUSTIANO CARRANZA,FIVIPORT (U HAB),0.90057741412,Alto
VENUSTIANO CARRANZA,INDUSTRIAL PUERTO AEREO (FRACC),0.83916075,Medio
VENUSTIANO CARRANZA,JAMAICA,0.835384045,Medio
VENUSTIANO CARRANZA,JANITZIO,0.82581291304,Bajo
VENUSTIANO CARRANZA,KENNEDY (U HAB),0.91836164043,Alto
VENUSTIANO CARRANZA,LORENZO BOTURINI,0.85475394167,Medio
VENUSTIANO CARRANZA,MAGDALENA  MIXHUCA,0.8087137,Bajo
VENUSTIANO CARRANZA,MAGDALENA  MIXHUCA (PBLO),0.82357074138,Bajo
VENUSTIANO CARRANZA,MERCED BALBUENA,0.77827685333,Bajo
VENUSTIANO CARRANZA,MICHOACANA,0.85336275833,Medio
VENUSTIANO CARRANZA,MICHOACANA (AMPL),0.8460043625,Medio
VENUSTIANO CARRANZA,MIGUEL HIDALGO,0.7863372,Bajo
VENUSTIANO CARRANZA,MOCTEZUMA 1A SECCION,0.85279207258,Medio
VENUSTIANO CARRANZA,NICOLAS BRAVO,0.90396730345,Alto
VENUSTIANO CARRANZA,PENITENCIARIA (AMPL),0.80396058,Bajo
VENUSTIANO CARRANZA,PE├æON DE LOS BA├æOS,0.798823,Bajo
VENUSTIANO CARRANZA,PINO (U HAB),0.9503895, Muy Alto
VENUSTIANO CARRANZA,POPULAR RASTRO,0.86880642667,Medio
VENUSTIANO CARRANZA,PRIMERO DE MAYO,0.83113826923,Bajo
VENUSTIANO CARRANZA,PROGRESISTA,0.8656722,Medio
VENUSTIANO CARRANZA,PUEBLA,0.83991576,Medio
VENUSTIANO CARRANZA,REVOLUCION,0.82970474828,Bajo
VENUSTIANO CARRANZA,ROMERO RUBIO,0.84324371129,Medio
VENUSTIANO CARRANZA,SANTA CRUZ AVIACION,0.89313520556,Alto
VENUSTIANO CARRANZA,SEVILLA,0.85832868571,Medio
VENUSTIANO CARRANZA,SIMON  BOLIVAR,0.84124654286,Medio
VENUSTIANO CARRANZA,TRES MOSQUETEROS,0.8791252,Medio
VENUSTIANO CARRANZA,VALENTIN GOMEZ FARIAS,0.858932175,Medio
VENUSTIANO CARRANZA,VALLE GOMEZ,0.82383995227,Bajo
VENUSTIANO CARRANZA,VENUSTIANO CARRANZA,0.82975303333,Bajo
VENUSTIANO CARRANZA,VENUSTIANO CARRANZA (AMPL),0.82392180909,Bajo
VENUSTIANO CARRANZA,VIADUCTO  - BALBUENA (CONJ HAB),0.91425158947,Alto
VENUSTIANO CARRANZA,10 DE MAYO,0.8090072087,Bajo
VENUSTIANO CARRANZA,20 DE NOVIEMBRE,0.84593430531,Medio
VENUSTIANO CARRANZA,20 DE NOVIEMBRE (AMPL),0.88820493333,Alto
VENUSTIANO CARRANZA,24 DE ABRIL,0.948351025, Muy Alto
VENUSTIANO CARRANZA,5TO TRAMO DE 20 DE NOVIEMBRE,0.83219199167,Bajo
VENUSTIANO CARRANZA,7 DE JULIO,0.86994238,Medio
VENUSTIANO CARRANZA,7 DE JULIO (AMPL),0.78489748333,Bajo
VENUSTIANO CARRANZA,CENTRO I,0.72382155,Muy Bajo
VENUSTIANO CARRANZA,CENTRO II,0.70410881111,Muy Bajo
VENUSTIANO CARRANZA,IGNACIO ZARAGOZA I,0.86480277476,Medio
VENUSTIANO CARRANZA,IGNACIO ZARAGOZA II,0.85865025476,Medio
VENUSTIANO CARRANZA,JARDIN BALBUENA I,0.927470892,Alto
VENUSTIANO CARRANZA,JARDIN BALBUENA II,0.93452500641, Muy Alto
VENUSTIANO CARRANZA,JARDIN BALBUENA III,0.92872109029,Alto
VENUSTIANO CARRANZA,MOCTEZUMA 2A SECCION I,0.84786459091,Medio
VENUSTIANO CARRANZA,MOCTEZUMA 2A SECCION II,0.85512691837,Medio
VENUSTIANO CARRANZA,MOCTEZUMA 2A SECCION III,0.84901707069,Medio
VENUSTIANO CARRANZA,MOCTEZUMA 2A SECCION IV,0.84565953878,Medio
VENUSTIANO CARRANZA,MORELOS I,0.75334024375,Muy Bajo
VENUSTIANO CARRANZA,MORELOS II,0.77671953509,Muy Bajo
VENUSTIANO CARRANZA,PENSADOR MEXICANO I,0.82570602222,Bajo
VENUSTIANO CARRANZA,PENSADOR MEXICANO II,0.81602224314,Bajo
